代码,名称
836892,广咨国际
831961,创远信科
688093,世华科技
688182,灿勤科技
301566,达利凯普
300322,硕贝德
300778,新城市
301600,慧翰股份
833394,民士达
301509,金凯生科
838924,广脉科技
835640,富士达
300266,兴源环境
688307,中润光学
300204,舒泰神
300134,大富科技
830879,基康仪器
300964,本川智能
833523,德瑞锂电
832978,开特股份
000560,我爱我家
000402,金 融 街
002177,御银股份
601010,文峰股份
600794,保税科技
002446,盛路通信
002629,仁智股份
002564,天沃科技
002194,武汉凡谷
601086,国芳集团
002427,尤夫股份
603042,华脉科技
002792,通宇通讯
002780,三夫户外
600810,神马股份
600776,东方通信
000514,渝 开 发
000025,特  力Ａ
002866,传艺科技
603116,红蜻蜓
603696,安记食品
603677,奇精机械
002806,华锋股份
603955,大千生态
603271,永杰新材
002583,海能达
000863,三湘印象
003020,立方制药
000628,高新发展
603002,宏昌电子
001395,亚联机械
603351,威尔药业
002981,朝阳科技
002836,新宏泽
002809,红墙股份
600053,九鼎投资
002277,友阿股份
003027,同兴科技
002796,世嘉科技
601798,蓝科高新
002278,神开股份
605188,国光连锁
600865,百大集团
003003,天元股份
002165,红 宝 丽
002342,巨力索具
600187,国中水务
000965,天保基建
603021,山东华鹏
600510,黑牡丹
601068,中铝国际
002329,皇氏集团
000720,新能泰山
000620,新华联
300252,金信诺
688602,康鹏科技
833427,华维设计
300530,领湃科技
301419,阿莱德
002571,德力股份
688683,莱尔科技
688288,鸿泉物联
833751,惠同新材
301505,苏州规划
830779,武汉蓝电
831305,海希通讯
688707,振华新材
831278,泰德股份
300468,四方精创
920082,方正阀门
300986,志特新材
600969,郴电国际
300810,中科海讯
600622,光大嘉宝
831832,科达自控
833873,中设咨询
831039,国义招标
301038,深水规院
600793,宜宾纸业
832522,纳科诺尔
832885,星辰科技
300599,雄塑科技
300338,*ST开元
301359,东南电子
600490,鹏欣资源
002693,双成药业
300136,信维通信
838701,豪声电子
002285,世联行
003037,三和管桩
000797,中国武夷
300084,海默科技
833943,优机股份
002706,良信股份
300505,川金诺
873570,坤博精工
836221,易实精密
300990,同飞股份
837663,明阳科技
300476,胜宏科技
002093,国脉科技
600961,株冶集团
300167,*ST迪威
831689,克莱特
601162,天风证券
603300,海南华铁
832000,安徽凤凰
002987,京北方
688287,ST观典
002162,悦心健康
300917,特发服务
603337,杰克股份
873726,卓兆点胶
002821,凯莱英
836720,吉冈精密
002803,吉宏股份
300328,宜安科技
430418,苏轴股份
003002,壶化股份
002850,科达利
603938,三孚股份
836149,旭杰科技
836239,长虹能源
688068,热景生物
002258,利尔化学
002204,大连重工
833230,欧康医药
605336,帅丰电器
002381,双箭股份
301616,浙江华业
300610,晨化股份
002724,海洋王
600152,维科技术
601777,千里科技
002383,合众思壮
300841,康华生物
688382,益方生物-U
000859,国风新材
002208,合肥城建
600320,振华重工
600753,庚星股份
000158,常山北明
832802,保丽洁
002336,*ST人乐
002052,*ST同洲
603557,ST起步
603828,ST柯利达
605277,新亚电子
002115,三维通信
920099,瑞华技术
872374,云里物里
000701,厦门信达
603003,*ST龙宇
688212,澳华内镜
300587,天铁科技
002463,沪电股份
000908,*ST景峰
688213,思特威-W
600094,大名城
603773,沃格光电
837242,建邦科技
688618,三旺通信
300977,深圳瑞捷
836208,青矩技术
688127,蓝特光学
603949,雪龙集团
601890,亚星锚链
000963,华东医药
000882,华联股份
300499,高澜股份
002200,*ST交投
300399,天利科技
688005,容百科技
837821,则成电子
300936,中英科技
002195,岩山科技
002700,新疆浩源
002487,大金重工
603626,科森科技
834639,晨光电缆
832225,利通科技
603207,小方制药
600060,海信视像
603333,尚纬股份
832110,雷特科技
603023,*ST威帝
600707,彩虹股份
688418,震有科技
301316,慧博云通
001283,豪鹏科技
838171,邦德股份
300433,蓝思科技
301292,海科新源
688660,电气风电
002039,黔源电力
600326,西藏天路
601089,福元医药
688621,阳光诺和
835237,力佳科技
002284,亚太股份
300191,潜能恒信
301158,德石股份
603922,金鸿顺
835174,五新隧装
600721,百花医药
300205,ST天喻
301040,中环海陆
000632,三木集团
600266,城建发展
600644,乐山电力
300615,欣天科技
002501,利源股份
688313,仕佳光子
836871,派特尔
688225,亚信安全
002178,延华智能
688501,青达环保
300533,冰川网络
837592,华信永道
601965,中国汽研
301200,大族数控
603533,掌阅科技
600984,建设机械
300961,深水海纳
300401,花园生物
002108,沧州明珠
300492,华图山鼎
002290,禾盛新材
000959,首钢股份
000063,中兴通讯
300711,广哈通信
002254,泰和新材
002721,ST金一
300057,万顺新材
002379,宏创控股
300198,纳川股份
600198,大唐电信
688552,航天南湖
002244,滨江集团
600751,海航科技
000517,荣安地产
301517,陕西华达
600868,梅雁吉祥
301219,腾远钴业
832491,奥迪威
688387,信科移动-U
688253,英诺特
871857,泓禧科技
002897,意华股份
834407,驰诚股份
000897,津滨发展
873152,天宏锂电
000042,中洲控股
600239,云南城投
600828,茂业商业
834475,三友科技
301538,骏鼎达
600708,光明地产
301337,亚华电子
000838,财信发展
600162,香江控股
600743,华远地产
836395,朗鸿科技
300989,蕾奥规划
002173,创新医疗
002555,三七互娱
600159,大龙地产
002846,英联股份
300807,天迈科技
000541,佛山照明
300922,天秦装备
836942,恒立钻具
600283,钱江水利
873806,云星宇
600903,贵州燃气
870976,视声智能
603519,立霸股份
300414,中光防雷
920128,胜业电气
000668,荣丰控股
300502,新易盛
603383,顶点软件
600552,凯盛科技
600522,中天科技
430425,乐创技术
002016,世荣兆业
300850,新强联
600376,首开股份
837212,智新电子
300690,双一科技
832662,方盛股份
835579,机科股份
600533,栖霞建设
300020,*ST银江
834062,科润智控
000065,北方国际
301363,美好医疗
603895,天永智能
000032,深桑达Ａ
300702,天宇股份
002062,宏润建设
300645,正元智慧
603067,振华股份
300008,天海防务
300627,华测导航
600226,亨通股份
430510,丰光精密
000506,*ST中润
600105,永鼎股份
920111,聚星科技
002743,富煌钢构
300342,天银机电
603799,华友钴业
002261,拓维信息
301362,民爆光电
002174,游族网络
830839,万通液压
603579,荣泰健康
603035,常熟汽饰
002314,南山控股
300035,中科电气
002968,新大正
300641,正丹股份
300022,吉峰科技
836270,天铭科技
872925,锦好医疗
300292,吴通控股
301393,昊帆生物
300963,中洲特材
872895,花溪科技
002951,*ST金时
688500,慧辰股份
839792,东和新材
000006,深振业Ａ
301626,苏州天脉
603220,中贝通信
873690,捷众科技
301155,海力风电
688513,苑东生物
603186,华正新材
300221,银禧科技
300486,东杰智能
300319,麦捷科技
600648,外高桥
000712,锦龙股份
688665,四方光电
600684,珠江股份
600611,大众交通
002765,蓝黛科技
603118,共进股份
000676,智度股份
603838,四通股份
600216,浙江医药
300675,建科院
301167,建研设计
838837,华原股份
300013,*ST新宁
605289,罗曼股份
000417,合百集团
430556,雅达股份
835184,国源科技
603803,瑞斯康达
300169,天晟新材
300803,指南针
688484,南芯科技
833454,同心传动
838670,恒进感应
600498,烽火通信
831195,三祥科技
835508,殷图网联
002457,青龙管业
002579,中京电子
603308,应流股份
002146,荣盛发展
002402,和而泰
688722,同益中
833580,科创新材
600666,奥瑞德
835857,百甲科技
600662,外服控股
300029,ST天龙
002017,东信和平
002532,天山铝业
831641,格利尔
603228,景旺电子
300351,永贵电器
601608,中信重工
002005,ST德豪
002395,双象股份
300600,ST瑞科
000926,福星股份
000807,云铝股份
838810,春光智能
833914,远航精密
839719,宁新新材
832876,慧为智能
603173,福斯达
001282,三联锻造
300709,精研科技
832089,禾昌聚合
834261,一诺威
300965,*ST恒宇
300065,海兰信
300148,天舟文化
600322,津投城开
831445,龙竹科技
688259,创耀科技
600746,江苏索普
600711,ST盛屯
002296,辉煌科技
603030,全筑股份
002207,准油股份
002837,英维克
000425,徐工机械
603038,华立股份
430718,合肥高科
002098,浔兴股份
300380,安硕信息
836260,中寰股份
301202,朗威股份
688428,诺诚健华-U
600715,*ST文投
301248,杰创智能
831627,力王股份
300951,博硕科技
600595,中孚实业
301031,中熔电气
832149,利尔达
300863,卡倍亿
000029,深深房Ａ
002512,达华智能
300174,元力股份
300773,拉卡拉
601615,明阳智能
605196,华通线缆
603648,畅联股份
600503,华丽家族
836077,吉林碳谷
688767,博拓生物
301479,弘景光电
688208,道通科技
002606,大连电瓷
603036,如通股份
603124,江南新材
920060,万源通
002300,太阳电缆
603786,科博达
002734,利民股份
836414,欧普泰
300563,神宇股份
600775,南京熊猫
603612,索通发展
002491,通鼎互联
688080,映翰通
838402,硅烷科技
300866,安克创新
300061,旗天科技
430478,峆一药业
871263,莱赛激光
301326,捷邦科技
300879,大叶股份
000852,石化机械
920019,铜冠矿建
873223,荣亿精密
688322,奥比中光-UW
002990,盛视科技
000532,华金资本
688319,欧林生物
300504,天邑股份
300571,平治信息
002343,慈文传媒
002241,歌尔股份
600785,新华百货
002827,高争民爆
001914,招商积余
831906,舜宇精工
002985,北摩高科
601588,北辰实业
002008,大族激光
605090,九丰能源
000718,苏宁环球
002256,兆新股份
300251,光线传媒
872190,雷神科技
834770,艾能聚
870204,沪江材料
002675,东诚药业
300430,诚益通
688789,宏华数科
600586,金晶科技
600170,上海建工
603194,中力股份
600658,电子城
002650,ST加加
300569,天能重工
605056,咸亨国际
600496,精工钢构
001389,广合科技
873703,广厦环能
688282,*ST导航
870357,雅葆轩
600183,生益科技
300919,中伟股份
002916,深南电路
002242,九阳股份
605286,同力日升
834415,恒拓开源
300644,南京聚隆
600615,丰华股份
839790,联迪信息
301079,邵阳液压
000011,深物业A
002857,三晖电气
603766,隆鑫通用
300237,美晨科技
600234,*ST科新
002116,中国海诚
920008,成电光信
002276,万马股份
603296,华勤技术
002931,锋龙股份
002945,华林证券
873706,铁拓机械
600748,上实发展
000631,顺发恒业
600638,新黄浦
000819,岳阳兴长
688047,龙芯中科
600718,东软集团
600606,绿地控股
300310,宜通世纪
600604,市北高新
838971,天马新材
000828,东莞控股
300691,联合光电
002467,二六三
001267,汇绿生态
600939,重庆建工
600237,铜峰电子
688368,晶丰明源
603699,纽威股份
600675,中华企业
000711,*ST京蓝
000719,中原传媒
688668,鼎通科技
300565,科信技术
300002,神州泰岳
835368,连城数控
002860,星帅尔
603321,梅轮电梯
300857,协创数据
600184,光电股份
300133,华策影视
300746,汉嘉设计
002592,ST八菱
688269,凯立新材
835985,海泰新能
835438,戈碧迦
002920,德赛西威
002391,长青股份
301571,国科天成
002038,双鹭药业
300602,飞荣达
301511,德福科技
301487,盟固利
688192,迪哲医药-U
832171,志晟信息
300515,三德科技
301187,欧圣电气
600487,亨通光电
920116,DR星图测
301307,美利信
603366,日出东方
833284,灵鸽科技
600518,康美药业
603776,永安行
600078,澄星股份
603855,华荣股份
002516,旷达科技
603088,宁波精达
605389,长龄液压
300341,麦克奥迪
002317,众生药业
300265,通光线缆
002600,领益智造
688350,富淼科技
600066,宇通客车
600671,ST目药
605183,确成股份
600318,新力金融
300308,中际旭创
600791,京能置业
301109,军信股份
601956,东贝集团
688819,天能股份
832471,美邦科技
001368,通达创智
002068,黑猫股份
600789,鲁抗医药
000586,汇源通信
002766,索菱股份
830896,旺成科技
688178,万德斯
831396,许昌智能
000036,华联控股
002086,东方海洋
833455,汇隆活塞
600661,昂立教育
873679,前进科技
603596,伯特利
300765,新诺威
002309,*ST中利
002723,小崧股份
000708,中信特钢
688179,阿拉丁
839729,永顺生物
002426,胜利精密
002708,光洋股份
873665,科强股份
836419,万德股份
601886,江河集团
688117,圣诺生物
301577,美信科技
688367,工大高科
605016,百龙创园
002947,恒铭达
002859,洁美科技
688055,龙腾光电
000812,陕西金叶
603758,秦安股份
688090,瑞松科技
600989,宝丰能源
605006,山东玻纤
002138,顺络电子
300494,盛天网络
300285,国瓷材料
605058,澳弘电子
600589,大位科技
603258,电魂网络
832469,富恒新材
688503,聚和材料
300157,新锦动力
002011,盾安环境
688162,巨一科技
603298,杭叉集团
600968,海油发展
603527,众源新材
300147,ST香雪
600281,华阳新材
300050,世纪鼎利
300590,移为通信
300447,全信股份
600738,丽尚国潮
430198,微创光电
600203,福日电子
300290,荣科科技
601869,长飞光纤
603583,捷昌驱动
839725,惠丰钻石
600067,冠城新材
600106,重庆路桥
002849,威星智能
002547,春兴精工
603359,东珠生态
300586,美联新材
300597,吉大通信
600778,友好集团
301516,中远通
688299,长阳科技
833429,康比特
300003,乐普医疗
603421,鼎信通讯
300161,华中数控
002976,瑞玛精密
603568,伟明环保
603201,常润股份
300102,乾照光电
002588,史丹利
300222,科大智能
688550,瑞联新材
300360,炬华科技
000933,神火股份
301314,科瑞思
300618,寒锐钴业
600839,四川长虹
605136,丽人丽妆
830946,森萱医药
301519,舜禹股份
300465,高伟达
002324,普利特
300752,隆利科技
002318,久立特材
600273,嘉化能源
870199,倍益康
300828,锐新科技
300408,三环集团
601166,兴业银行
600082,海泰发展
301041,金百泽
002636,金安国纪
871553,凯腾精工
300348,长亮科技
301282,金禄电子
873167,新赣江
601187,厦门银行
002938,鹏鼎控股
000700,模塑科技
688573,信宇人
600663,陆家嘴
300295,三六五网
688148,芳源股份
301488,豪恩汽电
002167,东方锆业
600578,京能电力
603606,东方电缆
301257,普蕊斯
603682,锦和商管
873593,鼎智科技
002401,中远海科
002352,顺丰控股
300858,科拓生物
000688,国城矿业
002247,聚力文化
605567,春雪食品
000581,威孚高科
002475,立讯精密
301221,光庭信息
600255,鑫科材料
000410,沈阳机床
300048,合康新能
835670,数字人
300684,中石科技
300845,捷安高科
603979,金诚信
002231,奥维通信
301317,鑫磊股份
600501,航天晨光
000737,北方铜业
300177,中海达
688657,浩辰软件
600860,京城股份
603567,珍宝岛
002902,铭普光磁
688238,和元生物
000890,法尔胜
836247,华密新材
301132,满坤科技
000069,华侨城Ａ
837092,汉鑫科技
000669,ST金鸿
002797,第一创业
300485,赛升药业
601005,重庆钢铁
002024,ST易购
002148,北纬科技
301251,威尔高
000638,万方发展
300910,瑞丰新材
300735,光弘科技
300890,翔丰华
000090,天健集团
002037,保利联合
002294,信立泰
873693,阿为特
835892,中科美菱
600136,ST明诚
603225,新凤鸣
001382,新亚电缆
600797,浙大网新
002842,翔鹭钨业
836504,博迅生物
688210,统联精密
839493,并行科技
603341,龙旗科技
600901,江苏金租
600120,浙江东方
300207,欣旺达
300913,兆龙互连
300304,云意电气
002183,怡 亚 通
002305,南国置业
600689,上海三毛
300976,达瑞电子
301339,通行宝
002913,奥士康
600033,福建高速
601939,建设银行
000889,ST中嘉
830799,艾融软件
300759,康龙化成
000002,万  科Ａ
000988,华工科技
301225,恒勃股份
300409,道氏技术
601577,长沙银行
603810,丰山集团
603131,上海沪工
300218,安利股份
002910,庄园牧场
301121,紫建电子
002484,江海股份
002815,崇达技术
600019,宝钢股份
301280,珠城科技
600582,天地科技
300307,慈星股份
000659,珠海中富
600036,招商银行
603897,长城科技
301183,东田微
002126,银轮股份
000921,海信家电
000823,超声电子
300099,尤洛卡
300732,设研院
002042,华孚时尚
603613,国联股份
601579,会稽山
300443,金雷股份
300776,帝尔激光
300541,先进数通
600208,衢州发展
002671,龙泉股份
601179,中国西电
688592,司南导航
603987,康德莱
001218,丽臣实业
601881,中国银河
300511,雪榕生物
000766,通化金马
002149,西部材料
300681,英搏尔
688097,博众精工
603106,恒银科技
871642,通易航天
002196,方正电机
834033,康普化学
000636,风华高科
300268,*ST佳沃
002871,伟隆股份
002760,凤形股份
688279,峰岹科技
002384,东山精密
600458,时代新材
300001,特锐德
002110,三钢闽光
002917,金奥博
002870,香山股份
301028,东亚机械
301061,匠心家居
002051,中工国际
601099,太平洋
873169,七丰精工
601717,郑煤机
300983,尤安设计
600976,健民集团
002171,楚江新材
839167,同享科技
689009,九号公司-WD
001378,德冠新材
000566,海南海药
835207,众诚科技
002550,千红制药
605580,恒盛能源
600185,格力地产
605228,神通科技
600367,红星发展
000525,ST红太阳
002130,沃尔核材
300551,古鳌科技
300306,远方信息
600665,天地源
002088,鲁阳节能
600521,华海药业
301226,祥明智能
002127,南极电商
600848,上海临港
835305,云创数据
603328,依顿电子
836717,瑞星股份
003025,思进智能
600563,法拉电子
002376,新北洋
002444,巨星科技
000898,鞍钢股份
600446,金证股份
600938,中国海油
002253,川大智胜
000404,长虹华意
600491,龙元建设
002997,瑞鹄模具
871478,巨能股份
002106,莱宝高科
601828,美凯龙
603998,方盛制药
300386,飞天诚信
000007,全新好
300473,德尔股份
000715,中兴商业
603129,春风动力
601098,中南传媒
600683,京投发展
002478,常宝股份
001872,招商港口
838030,德众汽车
870436,大地电气
831175,派诺科技
002313,日海智能
600639,浦东金桥
000409,云鼎科技
300045,华力创通
002263,大东南
600325,华发股份
300753,爱朋医疗
601918,新集能源
600725,云维股份
002633,申科股份
600835,上海机电
000533,顺钠股份
301037,保立佳
301205,联特科技
300950,德固特
605158,华达新材
002542,中化岩土
603037,凯众股份
688091,上海谊众
300438,鹏辉能源
601398,工商银行
601799,星宇股份
002388,ST新亚
600528,中铁工业
002238,天威视讯
600900,长江电力
603659,璞泰来
002576,通达动力
300402,宝色股份
688305,科德数控
300343,ST联创
300891,惠云钛业
300557,理工光科
871634,新威凌
300991,创益通
603577,汇金通
600080,金花股份
002109,兴化股份
603408,建霖家居
003008,开普检测
603332,苏州龙杰
002283,天润工业
601838,成都银行
300210,森远股份
002789,建艺集团
002558,巨人网络
300264,佳创视讯
300256,星星科技
002355,兴民智通
002517,恺英网络
002828,贝肯能源
000727,冠捷科技
603530,神马电力
001208,华菱线缆
002369,卓翼科技
600114,东睦股份
002886,沃特股份
000153,丰原药业
300115,长盈精密
301210,金杨股份
600369,西南证券
872808,曙光数创
000913,钱江摩托
600248,陕建股份
002628,成都路桥
605218,伟时电子
300079,数码视讯
600308,华泰股份
000825,太钢不锈
688234,天岳先进
603899,晨光股份
600864,哈投股份
000923,河钢资源
002929,润建股份
002387,维信诺
601515,东峰集团
002273,水晶光电
600345,长江通信
300731,科创新源
601963,重庆银行
002689,远大智能
835185,贝特瑞
300564,筑博设计
600543,莫高股份
002396,星网锐捷
002210,飞马国际
002377,国创高新
300796,贝斯美
301141,中科磁业
601599,浙文影业
600219,南山铝业
000536,华映科技
603239,浙江仙通
688257,新锐股份
301329,信音电子
873576,天力复合
688026,洁特生物
000554,泰山石油
603729,龙韵股份
688450,光格科技
831167,鑫汇科
002482,广田集团
600626,申达股份
300483,首华燃气
002281,光迅科技
600153,建发股份
000910,大亚圣象
002206,海 利 得
688128,中国电研
301024,霍普股份
300389,艾比森
002807,江阴银行
000096,广聚能源
300713,英可瑞
002782,可立克
600064,南京高科
831010,凯添燃气
002642,荣联科技
300453,三鑫医疗
603909,建发合诚
002801,微光股份
300370,安控科技
601658,邮储银行
600133,东湖高新
300059,东方财富
001339,智微智能
601117,中国化学
600583,海油工程
000030,富奥股份
688567,孚能科技
603307,扬州金泉
000761,本钢板材
301301,川宁生物
300909,汇创达
002161,远 望 谷
002941,新疆交建
603912,佳力图
000739,普洛药业
603017,中衡设计
002767,先锋电子
605255,天普股份
300384,三联虹普
002841,视源股份
831856,浩淼科技
600724,宁波富达
600657,信达地产
300826,测绘股份
000031,大悦城
300968,格林精密
002090,金智科技
002953,日丰股份
002060,广东建工
300872,天阳科技
600816,建元信托
300339,润和软件
688798,艾为电子
600502,XD安徽建
003023,彩虹集团
002056,横店东磁
300377,赢时胜
002648,卫星化学
688065,凯赛生物
002869,金溢科技
601233,桐昆股份
000868,安凯客车
002226,江南化工
002227,奥 特 迅
002105,信隆健康
601077,渝农商行
000001,平安银行
605365,立达信
300033,同花顺
000411,英特集团
688659,元琛科技
003001,中岩大地
000887,中鼎股份
600853,龙建股份
002096,易普力
002245,蔚蓝锂芯
300241,瑞丰光电
000338,潍柴动力
600830,香溢融通
600099,林海股份
600517,国网英大
002681,奋达科技
000567,海德股份
300694,蠡湖股份
603869,ST智知
300303,聚飞光电
300510,金冠股份
601611,中国核建
600525,长园集团
002885,京泉华
300394,天孚通信
603028,赛福天
600996,贵广网络
002064,华峰化学
600449,宁夏建材
000014,沙河股份
300326,凯利泰
002307,北新路桥
600649,城投控股
300164,通源石油
600495,晋西车轴
003033,征和工业
002141,*ST贤丰
000151,中成股份
605081,太和水
600703,三安光电
000617,中油资本
600076,康欣新材
300406,九强生物
601688,华泰证券
300979,华利集团
601997,贵阳银行
301557,常友科技
688411,海博思创
601399,国机重装
688198,佰仁医疗
300073,当升科技
920066,科拜尔
838275,驱动力
002617,露笑科技
605086,龙高股份
603508,思维列控
688701,卓锦股份
603165,荣晟环保
688455,科捷智能
603256,宏和科技
601616,广电电气
301135,瑞德智能
300673,佩蒂股份
002736,国信证券
002738,中矿资源
002350,北京科锐
002392,北京利尔
603377,ST东时
600621,华鑫股份
300201,海伦哲
688661,和林微纳
002962,五方光电
000530,冰山冷热
603890,春秋电子
600143,金发科技
831152,昆工科技
002353,杰瑞股份
688378,奥来德
001277,速达股份
000630,铜陵有色
600918,中泰证券
600577,精达股份
688349,三一重能
300843,胜蓝股份
600608,ST沪科
300258,精锻科技
603111,康尼机电
601199,江南水务
002449,国星光电
300534,陇神戎发
833575,康乐卫士
603390,通达电气
601155,新城控股
688619,罗普特
300939,秋田微
000987,越秀资本
603676,卫信康
600071,凤凰光学
000728,国元证券
300739,明阳电路
002413,雷科防务
300620,光库科技
601229,上海银行
600906,财达证券
002881,美格智能
603602,纵横通信
603052,可川科技
300355,蒙草生态
688360,德马科技
300017,网宿科技
600356,恒丰纸业
688681,科汇股份
002363,隆基机械
605368,蓝天燃气
002522,浙江众成
300987,川网传媒
301053,远信工业
605319,无锡振华
301529,福赛科技
601328,XD交通银
605050,福然德
601519,大智慧
688102,斯瑞新材
831834,三维股份
688247,宣泰医药
603616,韩建河山
688123,聚辰股份
601288,农业银行
688070,纵横股份
002035,华帝股份
002303,美盈森
601138,工业富联
300543,朗科智能
301520,万邦医药
300762,上海瀚讯
002203,海亮股份
002670,国盛金控
002073,软控股份
002312,川发龙蟒
000637,茂化实华
603817,海峡环保
600155,华创云信
300247,融捷健康
002906,华阳集团
002883,中设股份
603978,深圳新星
002429,兆驰股份
603083,剑桥科技
600416,湘电股份
300487,蓝晓科技
301272,英华特
300123,亚光科技
300120,经纬辉开
603617,君禾股份
000563,陕国投Ａ
300245,天玑科技
002527,新时达
603993,洛阳钼业
600967,内蒙一机
002420,毅昌科技
300790,宇瞳光学
600169,太原重工
600757,长江传媒
603679,华体科技
300852,四会富仕
300131,英唐智控
688011,新光光电
600773,西藏城投
300823,建科智能
002937,兴瑞科技
002398,垒知集团
002500,山西证券
300296,利亚德
688776,国光电气
002448,中原内配
300903,科翔股份
600894,广日股份
688190,云路股份
688112,鼎阳科技
300568,星源材质
002692,远程股份
000985,大庆华科
301208,中亦科技
002298,中电鑫龙
300138,晨光生物
300188,国投智能
002075,沙钢股份
603235,天新药业
003013,地铁设计
920088,科力股份
603161,科华控股
000555,神州信息
000166,申万宏源
603159,上海亚虹
688616,西力科技
000932,华菱钢铁
300427,红相股份
000703,恒逸石化
300772,运达股份
603112,华翔股份
601231,环旭电子
688181,八亿时空
002585,双星新材
003015,日久光电
000049,德赛电池
300432,富临精工
301152,天力锂能
301176,逸豪新材
601702,华峰铝业
301458,钧崴电子
002375,亚厦股份
002697,红旗连锁
300315,掌趣科技
300349,金卡智能
300166,东方国信
000717,中南股份
000550,江铃汽车
688251,井松智能
603707,健友股份
600873,梅花生物
600483,福能股份
301004,嘉益股份
688096,京源环保
300532,今天国际
688528,秦川物联
300231,银信科技
601108,财通证券
300717,华信新材
002026,山东威达
301607,富特科技
601236,红塔证券
688004,博汇科技
001311,多利科技
601825,沪农商行
301320,豪江智能
003036,泰坦股份
000928,中钢国际
301578,辰奕智能
300628,亿联网络
300232,洲明科技
000750,国海证券
002580,圣阳股份
301173,毓恬冠佳
300036,超图软件
301238,瑞泰新材
300893,松原安全
688318,财富趋势
600885,宏发股份
300397,天和防务
000010,美丽生态
603995,甬金股份
300686,智动力
002613,北玻股份
688063,派能科技
002289,ST宇顺
000526,学大教育
600651,飞乐音响
002998,优彩资源
600734,实达集团
300766,每日互动
601811,新华文轩
603016,新宏泰
601375,中原证券
002745,木林森
300032,金龙机电
002230,科大讯飞
301608,博实结
601311,骆驼股份
300287,飞利信
300508,维宏股份
600488,津药药业
300154,瑞凌股份
600396,华电辽能
002181,粤 传 媒
600992,贵绳股份
002367,康力电梯
600109,国金证券
300242,佳云科技
002460,赣锋锂业
002480,新筑股份
300608,思特奇
600072,中船科技
600770,综艺股份
002963,豪尔赛
300467,迅游科技
688175,高凌信息
300598,诚迈科技
002595,豪迈科技
300228,富瑞特装
002434,万里扬
301139,元道通信
600390,五矿资本
603876,鼎胜新材
002490,ST墨龙
002065,东华软件
301122,采纳股份
002851,麦格米特
002632,道明光学
600909,华安证券
600061,国投资本
002102,能特科技
000100,TCL科技
688663,新风光
600268,国电南自
688333,铂力特
002344,海宁皮城
002543,万和电气
301217,铜冠铜箔
301150,中一科技
002922,伊戈尔
600599,ST熊猫
002682,龙洲股份
002761,浙江建投
002901,大博医疗
002829,星网宇达
600927,永安期货
605298,必得科技
301018,申菱环境
603153,上海建科
002823,凯中精密
600288,大恒科技
600908,无锡银行
003022,联泓新科
002992,宝明科技
002615,哈尔斯
300075,数字政通
002676,顺威股份
003031,中瓷电子
002589,瑞康医药
001379,腾达科技
600523,贵航股份
002236,大华股份
601003,柳钢股份
002351,漫步者
600601,方正科技
300420,五洋自控
603936,博敏电子
000651,格力电器
688682,霍莱沃
002637,赞宇科技
603656,泰禾智能
600035,楚天高速
688571,杭华股份
301185,鸥玛软件
300559,佳发教育
002586,*ST围海
301331,恩威医药
603633,徕木股份
000818,航锦科技
000608,阳光股份
000811,冰轮环境
301353,普莱得
002863,今飞凯达
600179,安通控股
603528,多伦科技
300163,ST先锋
300390,天华新能
603018,华设集团
688517,金冠电气
600654,中安科
688038,中科通达
300500,启迪设计
601512,中新集团
002546,新联电子
688557,兰剑智能
871753,天纺标
002189,中光学
601061,中信金属
002673,西部证券
688588,凌志软件
300085,银之杰
601198,东兴证券
002302,西部建设
002334,英威腾
688372,伟测科技
600031,三一重工
603990,麦迪科技
002107,沃华医药
000034,神州数码
300674,宇信科技
000070,ST特信
300626,华瑞股份
000917,电广传媒
002128,电投能源
300948,冠中生态
301380,挖金客
301195,北路智控
601916,浙商银行
002624,完美世界
600558,大西洋
600602,云赛智联
603222,济民健康
600261,阳光照明
000776,广发证券
688336,三生国健
300418,昆仑万维
002813,路畅科技
688276,百克生物
603259,药明康德
601990,南京证券
601169,北京银行
600673,东阳光
300428,立中集团
002822,ST中装
603516,淳中科技
003041,真爱美家
300014,亿纬锂能
600339,中油工程
600834,申通地铁
300250,初灵信息
300037,新宙邦
301098,金埔园林
002733,雄韬股份
300926,博俊科技
300697,电工合金
002348,高乐股份
002131,利欧股份
300470,中密控股
300122,智飞生物
688670,金迪克
000678,襄阳轴承
600610,中毅达
601368,绿城水务
000698,沈阳化工
000962,东方钽业
688379,华光新材
300015,爱尔眼科
002966,苏州银行
002855,捷荣技术
603466,风语筑
600012,皖通高速
688183,生益电子
000020,深华发Ａ
301312,智立方
600310,广西能源
000695,滨海能源
002498,汉缆股份
000301,东方盛虹
002097,山河智能
002523,天桥起重
603915,国茂股份
300024,机器人
000951,中国重汽
002775,文科股份
300743,天地数码
300369,绿盟科技
301191,菲菱科思
603903,中持股份
002055,得润电子
300395,菲利华
688648,中邮科技
300929,华骐环保
601136,首创证券
839946,华阳变速
002892,科力尔
600783,鲁信创投
002172,澳洋健康
601059,信达证券
603703,盛洋科技
834599,同力股份
300884,狄耐克
000612,焦作万方
600370,三房巷
605259,绿田机械
002856,美芝股份
603322,超讯通信
605099,共创草坪
002664,信质集团
301236,软通动力
301439,泓淋电力
002709,天赐材料
300042,朗科科技
873833,美心翼申
002972,科安达
605060,联德股份
300128,锦富技术
300043,星辉娱乐
832651,天罡股份
601789,宁波建工
600456,宝钛股份
000778,新兴铸管
600928,西安银行
603330,天洋新材
002531,天顺风能
600664,哈药股份
837006,晟楠科技
002152,广电运通
000779,甘咨询
300531,优博讯
300284,苏交科
603323,苏农银行
002602,ST华通
601163,三角轮胎
002328,新朋股份
837748,路桥信息
300145,中金环境
603331,百达精工
002067,景兴纸业
603444,吉比特
688583,思看科技
002262,恩华药业
600846,同济科技
603738,泰晶科技
688281,华秦科技
301305,朗坤环境
600463,空港股份
002415,海康威视
603211,晋拓股份
600246,万通发展
601116,三江购物
002925,盈趣科技
300196,长海股份
603137,恒尚节能
300173,福能东方
601216,君正集团
688232,新点软件
300159,*ST新研
300971,博亚精工
603706,东方环宇
600399,抚顺特钢
600569,安阳钢铁
002142,宁波银行
688597,煜邦电力
300509,新美星
688009,中国通号
002419,天虹股份
300152,新动力
603236,移远通信
300103,达刚控股
688060,云涌科技
300579,数字认证
600768,宁波富邦
300233,金城医药
300638,广和通
600000,浦发银行
601318,中国平安
603619,中曼石油
601126,四方股份
600736,苏州高新
601128,常熟银行
000990,诚志股份
605222,起帆电缆
300197,节能铁汉
300460,惠伦晶体
603727,博迈科
688559,海目星
002635,安洁科技
605598,上海港湾
600871,石化油服
600637,东方明珠
301377,鼎泰高科
300958,建工修复
603203,快克智能
603063,禾望电气
300663,科蓝软件
002879,长缆科技
300274,阳光电源
300670,大烨智能
600970,中材国际
603859,能科科技
688579,山大地纬
300311,任子行
600699,均胜电子
301533,威马农机
603005,晶方科技
000878,云南铜业
300635,中达安
600361,创新新材
601677,明泰铝业
002048,宁波华翔
688215,瑞晟智能
301086,鸿富瀚
600655,豫园股份
002935,天奥电子
002364,中恒电气
300192,科德教育
300578,会畅通讯
000584,*ST工智
600389,江山股份
603216,梦天家居
600691,阳煤化工
300450,先导智能
688410,山外山
600764,中国海防
002952,亚世光电
600889,南京化纤
301165,锐捷网络
600739,辽宁成大
600425,青松建化
000829,天音控股
833819,颖泰生物
603716,塞力医疗
301389,隆扬电子
600679,上海凤凰
605566,福莱蒽特
002779,中坚科技
000045,深纺织Ａ
001266,宏英智能
688800,瑞可达
601928,凤凰传媒
001979,招商蛇口
601996,丰林集团
300334,津膜科技
301045,天禄科技
601696,中银证券
301091,深城交
301128,强瑞技术
002441,众业达
600218,全柴动力
300047,天源迪科
603797,联泰环保
000623,吉林敖东
603183,建研院
002853,皮阿诺
301151,冠龙节能
002340,格林美
301315,威士顿
603669,灵康药业
300347,泰格医药
002249,大洋电机
002442,龙星科技
600015,华夏银行
002221,东华能源
301252,同星科技
000544,中原环保
838163,方大新材
300176,鸿特科技
603206,嘉环科技
002786,银宝山新
300668,杰恩设计
605186,健麾信息
600763,通策医疗
000783,长江证券
603908,牧高笛
603399,永杉锂业
300836,佰奥智能
301328,维峰电子
603788,宁波高发
601222,林洋能源
300435,中泰股份
002599,盛通股份
300219,鸿利智汇
601336,新华保险
300682,朗新集团
600380,健康元
601137,博威合金
002683,广东宏大
000709,河钢股份
300194,福安药业
605378,野马电池
688079,美迪凯
300129,泰胜风能
300992,泰福泵业
688538,和辉光电-U
301131,聚赛龙
600386,北巴传媒
300603,立昂技术
002694,顾地科技
002824,和胜股份
600149,廊坊发展
600476,湘邮科技
300678,中科信息
000546,金圆股份
600098,广州发展
600271,航天信息
600759,洲际油气
600682,南京新百
688371,菲沃泰
000021,深科技
002032,苏 泊 尔
601878,浙商证券
301127,天源环保
300562,乐心医疗
002705,新宝股份
688563,航材股份
836263,中航泰达
002229,鸿博股份
002948,青岛银行
600869,远东股份
300415,伊之密
300446,航天智造
688676,金盘科技
002657,中科金财
601601,中国太保
600838,上海九百
600941,中国移动
002092,ST中泰
002217,*ST合泰
600348,华阳股份
002497,雅化集团
603629,利通电子
002012,凯恩股份
002590,万安科技
300619,金银河
600512,腾达建设
300098,高新兴
301628,强达电路
603127,昭衍新药
000060,中金岭南
300529,健帆生物
601808,中海油服
834950,迅安科技
002980,华盛昌
002406,远东传动
600845,宝信软件
002970,锐明技术
603132,金徽股份
600379,宝光股份
300548,博创科技
002598,山东章鼓
873122,中纺标
300146,汤臣倍健
600888,新疆众和
601868,中国能建
300769,德方纳米
603360,百傲化学
300907,康平科技
000938,紫光股份
688678,福立旺
300802,矩子科技
600217,中再资环
300596,利安隆
300185,通裕重工
002943,宇晶股份
603176,汇通集团
600340,华夏幸福
001225,和泰机电
688355,明志科技
603989,艾华集团
300027,华谊兄弟
603926,铁流股份
300745,欣锐科技
301063,海锅股份
605116,奥锐特
688779,五矿新能
601011,宝泰隆
600643,爱建集团
688249,晶合集成
002282,博深股份
688570,天玛智控
002050,三花智控
600741,华域汽车
002961,瑞达期货
301043,绿岛风
600166,福田汽车
688799,华纳药厂
600176,中国巨石
002036,联创电子
300437,清水源
603488,展鹏科技
300683,海特生物
605118,力鼎光电
002957,科瑞技术
300267,尔康制药
301289,国缆检测
002357,富临运业
002014,永新股份
603611,诺力股份
300523,辰安科技
002437,誉衡药业
601958,金钼股份
000050,深天马Ａ
000548,湖南投资
603310,巍华新材
300400,劲拓股份
600560,金自天正
002268,电科网安
002085,万丰奥威
000159,国际实业
300255,常山药业
000789,万年青
605128,上海沿浦
300442,润泽科技
601555,东吴证券
600609,金杯汽车
600713,南京医药
301502,华阳智能
688708,佳驰科技
605018,长华集团
002939,长城证券
688193,仁度生物
000839,中信国安
002771,真视通
001211,双枪科技
002826,易明医药
600815,厦工股份
301391,卡莱特
601106,中国一重
688067,爱威科技
002877,智能自控
002622,皓宸医疗
300305,裕兴股份
688772,珠海冠宇
601528,瑞丰银行
002243,力合科创
300477,合纵科技
300975,商络电子
300413,芒果超媒
001965,招商公路
301215,中汽股份
603012,创力集团
830809,安达科技
002493,荣盛石化
603187,海容冷链
002233,塔牌集团
600668,尖峰集团
833533,骏创科技
688380,中微半导
300570,太辰光
002686,亿利达
601877,正泰电器
300083,创世纪
688778,厦钨新能
603966,法兰泰克
002926,华西证券
601636,旗滨集团
000551,创元科技
688317,之江生物
301136,招标股份
300088,长信科技
002373,千方科技
603896,寿仙谷
300236,上海新阳
837344,三元基因
002890,弘宇股份
002453,华软科技
688059,华锐精密
002101,广东鸿图
002239,奥特佳
600933,爱柯迪
000977,浪潮信息
603303,得邦照明
300680,隆盛科技
002811,郑中设计
600537,亿晶光电
002812,恩捷股份
603701,德宏股份
002873,新天药业
002578,闽发铝业
300560,中富通
871245,威博液压
300302,同有科技
300300,ST峡创
601988,中国银行
300277,海联讯
688613,奥精医疗
600850,电科数字
603126,中材节能
603305,旭升集团
002266,浙富控股
301180,万祥科技
601218,吉鑫科技
300215,电科院
600710,苏美达
000421,南京公用
300382,斯莱克
833346,威贸电子
002530,金财互联
301153,中科江南
002412,汉森制药
300461,田中精机
002347,泰尔股份
300870,欧陆通
002228,合兴包装
000590,启迪药业
872953,国子软件
300725,药石科技
601168,西部矿业
301397,溯联股份
301123,奕东电子
600958,东方证券
002451,摩恩电气
301273,瑞晨环保
002607,中公教育
002218,拓日新能
600362,江西铜业
002454,松芝股份
601865,福莱特
301489,思泉新材
600742,一汽富维
603515,欧普照明
688386,泛亚微透
688558,国盛智科
000028,国药一致
600210,紫江企业
002688,金河生物
301218,华是科技
603048,浙江黎明
600624,复旦复华
601100,恒立液压
300931,通用电梯
002250,联化科技
301499,维科精密
688125,安达智能
000936,华西股份
300928,华安鑫创
300259,新天科技
000655,金岭矿业
000903,云内动力
300025,华星创业
002081,金 螳 螂
688283,坤恒顺维
000813,德展健康
002817,黄山胶囊
300249,依米康
603927,中科软
300580,贝斯特
603787,新日股份
000068,华控赛格
300076,GQY视讯
300018,中元股份
300873,海晨股份
301349,信德新材
002421,达实智能
603456,九洲药业
831768,拾比佰
002912,中新赛克
002209,达 意 隆
000901,航天科技
301069,凯盛新材
301083,百胜智能
002891,中宠股份
002569,ST步森
600678,四川金顶
603968,醋化股份
600329,达仁堂
603580,艾艾精工
603051,鹿山新材
301510,固高科技
600919,江苏银行
300715,凯伦股份
300512,中亚股份
688171,纬德信息
688119,中钢洛耐
002887,绿茵生态
002597,金禾实业
603928,兴业股份
688509,正元地信
002703,浙江世宝
834014,特瑞斯
300469,信息发展
002316,ST亚联
002526,山东矿机
000892,欢瑞世纪
301298,东利机械
603283,赛腾股份
002845,同兴达
603959,ST百利
601133,柏诚股份
300601,康泰生物
300068,南都电源
600986,浙文互联
603327,福蓉科技
688496,清越科技
000757,浩物股份
300484,蓝海华腾
603887,城地香江
603661,恒林股份
301267,华厦眼科
873339,恒太照明
601966,玲珑轮胎
300321,同大股份
002212,天融信
300066,三川智慧
603286,日盈电子
601901,方正证券
600829,人民同泰
601858,中国科传
603215,比依股份
688197,首药控股-U
601995,中金公司
002788,鹭燕医药
000815,美利云
002061,浙江交科
300112,万讯自控
688669,聚石化学
000725,京东方Ａ
300982,苏文电能
000400,许继电气
000596,古井贡酒
688289,圣湘生物
300932,三友联众
000949,新乡化纤
301360,荣旗科技
830832,齐鲁华信
600095,湘财股份
002748,ST世龙
600052,东望时代
688076,诺泰生物
002835,同为股份
003040,楚天龙
002955,鸿合科技
002466,天齐锂业
300685,艾德生物
002074,国轩高科
600507,方大特钢
688122,西部超导
300791,仙乐健康
300097,ST智云
603301,振德医疗
002214,大立科技
600802,福建水泥
600879,航天电子
002839,张家港行
603091,众鑫股份
600075,新疆天业
601096,宏盛华源
300217,东方电热
600282,南钢股份
300549,优德精密
300230,永利股份
002519,银河电子
002989,中天精装
000099,中信海直
600486,扬农化工
002476,宝莫股份
002072,凯瑞德
301237,和顺科技
301032,新柴股份
300113,顺网科技
300234,开尔新材
300150,世纪瑞尔
301318,维海德
002345,潮宏基
301246,宏源药业
601002,晋亿实业
600854,春兰股份
688516,奥特维
688766,普冉股份
300634,彩讯股份
300405,科隆股份
300536,*ST农尚
003007,直真科技
300814,中富电路
002432,九安医疗
300243,瑞丰高材
688499,利元亨
001288,运机集团
688108,赛诺医疗
300832,新产业
600265,景谷林业
300193,佳士科技
002584,西陇科学
600302,标准股份
688728,格科微
300724,捷佳伟创
300316,晶盛机电
300062,中能电气
300969,恒帅股份
300412,迦南科技
688338,赛科希德
002533,金杯电工
002078,太阳纸业
000538,云南白药
688001,华兴源创
002046,国机精工
300699,光威复材
300182,捷成股份
603657,春光科技
300160,秀强股份
001308,康冠科技
688267,中触媒
301051,信濠光电
300459,汤姆猫
003017,大洋生物
300555,ST路通
300419,ST浩丰
688137,近岸蛋白
603878,武进不锈
688310,迈得医疗
300517,海波重科
603698,航天工程
300299,富春股份
002001,新 和 成
002587,奥拓电子
300374,中铁装配
300677,英科医疗
600319,亚星化学
603588,高能环境
002888,惠威科技
300272,开能健康
300712,永福股份
600309,万华化学
002468,申通快递
688578,艾力斯
688651,盛邦安全
603960,克来机电
000877,天山股份
002601,龙佰集团
000967,盈峰环境
603218,日月股份
000837,秦川机床
000788,北大医药
600027,华电国际
688066,航天宏图
688373,盟科药业-U
000969,安泰科技
872541,铁大科技
300238,冠昊生物
000559,万向钱潮
603076,乐惠国际
601377,兴业证券
301366,一博科技
301101,明月镜片
600388,龙净环保
600820,隧道股份
600351,亚宝药业
600235,民丰特纸
300039,上海凯宝
301076,新瀚新材
301022,海泰科
688539,高华科技
001229,魅视科技
832175,东方碳素
600511,国药股份
002423,中粮资本
605155,西大门
002472,双环传动
600613,神奇制药
002649,博彦科技
002443,金洲管道
600755,厦门国贸
688608,恒玄科技
603618,杭电股份
002462,嘉事堂
002264,新 华 都
301321,翰博高新
301067,显盈科技
000968,蓝焰控股
688630,芯碁微装
002747,埃斯顿
002139,拓邦股份
300105,龙源技术
603956,威派格
300246,宝莱特
002346,柘中股份
600051,宁波联合
603040,新坐标
601999,出版传媒
603122,合富中国
002577,雷柏科技
002430,杭氧股份
300329,海伦钢琴
002045,国光电器
000547,航天发展
000919,金陵药业
300482,万孚生物
600633,浙数文化
002722,物产金轮
301137,哈焊华通
601698,中国卫通
002176,江特电机
301042,安联锐视
688347,华虹公司
603378,亚士创能
300519,新光药业
300507,苏奥传感
002339,积成电子
301196,唯科科技
688585,上纬新材
301603,乔锋智能
301080,百普赛斯
603858,步长制药
002414,高德红外
605066,天正电气
002331,皖通科技
603726,朗迪集团
000157,中联重科
002400,省广集团
002027,分众传媒
688020,方邦股份
300011,鼎汉技术
300887,谱尼测试
000925,众合科技
300738,奥飞数据
600692,亚通股份
300801,泰和科技
603009,北特科技
002774,快意电梯
600410,华胜天成
000009,中国宝安
002698,博实股份
300844,山水比德
688334,西高院
002644,佛慈制药
688329,艾隆科技
002728,特一药业
603387,基蛋生物
600007,中国国贸
300815,玉禾田
000686,东北证券
001314,亿道信息
601186,中国铁建
002908,德生科技
300566,激智科技
600895,张江高科
002202,金风科技
688611,杭州柯林
002151,北斗星通
600551,时代出版
002979,雷赛智能
300009,安科生物
688186,广大特材
600720,中交设计
688345,博力威
603098,森特股份
600021,上海电力
688314,康拓医疗
688211,中科微至
603031,安孚科技
301166,优宁维
300800,力合科技
600338,西藏珠峰
000856,冀东装备
002668,TCL智家
300235,方直科技
603565,中谷物流
600250,南京商旅
301295,美硕科技
600178,东安动力
002978,安宁股份
600420,国药现代
603160,汇顶科技
832278,鹿得医疗
000957,中通客车
600977,中国电影
300654,世纪天鸿
688326,经纬恒润-W
601009,南京银行
920098,科隆新材
688029,南微医学
002407,多氟多
300787,海能实业
605100,华丰股份
300614,百川畅银
300589,江龙船艇
002725,跃岭股份
300053,航宇微
688277,天智航-U
600211,西藏药业
001360,南矿集团
300906,日月明
300275,梅安森
688696,极米科技
300781,因赛集团
301006,迈拓股份
688161,威高骨科
002322,理工能科
301005,超捷股份
603393,新天然气
600444,国机通用
603056,德邦股份
300535,达威股份
603809,豪能股份
000902,新洋丰
600182,S佳通
605117,德业股份
603272,联翔股份
600587,新华医疗
603107,上海汽配
688143,长盈通
688309,恒誉环保
688248,南网科技
002884,凌霄泵业
301197,工大科雅
688529,豪森智能
300101,振芯科技
688593,新相微
600999,招商证券
002232,启明信息
002134,天津普林
601689,拓普集团
000792,盐湖股份
871396,常辅股份
688426,康为世纪
688170,德龙激光
603757,大元泵业
688015,交控科技
603087,甘李药业
300357,我武生物
600482,中国动力
301008,宏昌科技
002984,森麒麟
688025,杰普特
603712,七一二
603125,常青科技
603486,科沃斯
002192,融捷股份
688551,科威尔
301089,拓新药业
688581,安杰思
688710,益诺思
688626,翔宇医疗
300567,精测电子
301233,盛帮股份
688050,爱博医疗
300552,万集科技
600037,歌华有线
688280,精进电动-UW
300689,澄天伟业
300771,智莱科技
300383,光环新网
300925,法本信息
688400,凌云光
301370,国科恒泰
688425,铁建重工
301099,雅创电子
300026,红日药业
003816,中国广核
301313,凡拓数创
301310,鑫宏业
300199,翰宇药业
600039,四川路桥
600063,皖维高新
600048,保利发展
600050,中国联通
301365,矩阵股份
300757,罗博特科
300457,赢合科技
002936,郑州银行
300366,创意信息
003018,金富科技
301106,骏成科技
300933,中辰股份
002795,永和智控
300363,博腾股份
300921,南凌科技
300358,楚天科技
600028,中国石化
600022,山东钢铁
300030,阳普医疗
688327,云从科技-UW
301503,智迪科技
300124,汇川技术
300118,东方日升
300070,碧水源
688126,沪硅产业
600008,首创环保
300632,光莆股份
688472,阿特斯
002915,中欣氟材
300988,津荣天宇
300111,向日葵
688468,科美诊断
300998,宁波方正
002872,ST天圣
301222,浙江恒威
300110,华仁药业
301013,利和兴
300270,中威电子
688069,德林海
300135,宝利国际
300978,东箭科技
300497,富祥药业
300664,鹏鹞环保
300943,春晖智控
300332,天壕能源
300158,振东制药
002958,青农商行
300609,汇纳科技
300404,博济医药
300044,赛为智能
300324,旋极信息
300323,华灿光电
300239,东宝生物
300490,华自科技
600016,民生银行
300317,珈伟新能
300142,沃森生物
300140,节能环境
300067,安诺其
688308,欧科亿
002996,顺博合金
300520,科大国创
300647,超频三
603368,柳药集团
600419,天润乳业
600426,华鲁恒升
600428,中远海特
002479,富春环保
601600,中国铝业
002021,中捷资源
002022,科华生物
601568,北元集团
601500,通用股份
601388,怡球资源
601366,利群股份
002452,长高电新
002445,中南文化
600479,千金药业
002030,达安基因
601333,广深铁路
601212,白银有色
600497,驰宏锌锗
601211,国泰海通
002431,棕榈股份
601158,重庆水务
603778,国晟科技
688726,拉普拉斯
002082,万邦德
603496,恒为科技
002485,ST雪发
001227,兰州银行
601618,中国中冶
601992,金隅集团
000552,甘肃能化
601975,招商南油
600346,恒力石化
001366,播恩集团
001387,雪祺电气
601898,中煤能源
601866,中远海发
002528,ST英飞拓
601860,紫金银行
601857,中国石油
002310,*ST东园
603906,龙蟠科技
601788,光大证券
002009,天奇股份
600383,金地集团
002010,传化智联
601727,上海电气
002506,协鑫集成
601718,际华集团
601686,友发集团
601669,中国电建
601665,齐鲁银行
601000,唐山港
600515,海南机场
000078,海王生物
600527,江南高纤
600825,新华传媒
605001,威奥股份
600812,华北制药
600623,华谊集团
002337,赛象科技
600808,马钢股份
603610,麒盛科技
002219,新里程
600635,大众公用
603586,金麒麟
002333,罗普斯金
600784,鲁银投资
600782,新钢股份
002235,安妮股份
002240,盛新锂能
002248,华东数控
002259,ST升达
600653,申华控股
600728,佳都科技
002323,雅博股份
603601,再升科技
002295,精艺股份
600704,物产中大
600831,ST广网
000420,吉林化纤
603992,松霖科技
002144,宏达高科
002399,海普瑞
603969,银龙股份
600545,卓郎智能
002114,罗平锌电
002133,广宇集团
600960,渤海汽车
600959,江苏有线
600956,新天绿能
002135,东南网架
002140,东华科技
002386,天原股份
002366,融发核电
600567,山鹰国际
600568,ST中珠
002378,章源钨业
002175,东方智造
600867,通化东宝
605208,永茂泰
600863,内蒙华电
002370,亚太药业
600584,长电科技
605198,安德利
603010,万盛股份
002006,精工科技
600688,上海石化
600212,绿能慧充
002666,德联集团
603326,我乐家居
000570,苏常柴Ａ
000027,深圳能源
000795,英洛华
600202,哈空调
000800,一汽解放
000809,*ST和展
603686,福龙马
600103,青山纸业
002752,昇兴股份
000622,*ST恒立
600100,同方股份
600221,海航控股
603386,骏亚科技
000039,中集集团
603348,文灿股份
000565,渝三峡Ａ
002750,*ST龙津
600231,凌钢股份
000625,长安汽车
603811,诚意药业
000756,新华制药
000751,锌业股份
600126,杭钢股份
000629,钒钛股份
000652,泰达股份
000665,湖北广电
603289,泰瑞机器
000680,山推股份
600148,长春一东
002701,奥瑞金
600151,航天机电
000690,宝新能源
600157,永泰能源
603276,恒兴新材
603318,水发燃气
002677,浙江美大
000573,粤宏远Ａ
000731,四川美丰
688008,澜起科技
002672,东江环保
600117,西宁特钢
000900,现代投资
000650,仁和药业
831526,凯华材料
002565,顺灏股份
688548,广钢气体
603429,集友股份
000973,佛塑科技
000950,重药控股
000952,广济药业
603070,万控智造
000981,山子高科
000593,德龙汇能
001203,大中矿业
600307,酒钢宏兴
002560,通达股份
000970,中科三环
603058,永吉股份
603363,*ST傲农
000972,*ST中基
000589,贵州轮胎
603101,汇嘉时代
002769,普路通
600262,北方股份
600256,广汇能源
600251,冠农股份
002554,惠博普
600241,时代万恒
603119,浙江荣泰
002551,尚荣医疗
603861,白云电器
300454,深信服
301047,义翘神州
301157,华塑科技
300496,中科创达
301459,丰茂股份
002756,永兴材料
603319,美湖股份
301105,鸿铭股份
688159,有方科技
300327,中颖电子
301629,矽电股份
301159,三维天地
002368,太极股份
688719,爱科赛博
600455,博通股份
688109,品茗科技
688205,德科立
301003,江苏博云
000333,美的集团
001336,楚环科技
688303,大全能源
301046,能辉科技
301263,泰恩康
688092,爱科科技
000948,南天信息
300853,申昊科技
301181,标榜股份
600645,中源协和
301161,唯万密封
300019,硅宝科技
688576,西山科技
002942,新农股份
002158,汉钟精机
688606,奥泰生物
603893,瑞芯微
000935,四川双马
603320,迪贝电气
002802,洪汇新材
002741,光华科技
002270,华明装备
300793,佳禾智能
603353,和顺石油
001210,金房能源
002439,启明星辰
300667,必创科技
002626,金达威
601919,中远海控
688315,诺禾致源
002403,爱仕达
688202,美迪西
301002,崧盛股份
300659,中孚信息
600926,杭州银行
603138,海量数据
300657,弘信电子
000768,中航西飞
688560,明冠新材
688236,春立医疗
300607,拓斯达
300916,朗特智能
600030,中信证券
603681,永冠新材
002907,华森制药
832566,梓橦宫
300288,朗玛信息
300952,恒辉安防
688298,东方生物
603309,维力医疗
603856,东宏股份
300417,南华仪器
688646,逸飞激光
002028,思源电气
603191,望变电气
000528,柳    工
688718,唯赛勃
603556,海兴电力
603997,继峰股份
300708,聚灿光电
002150,通润装备
688515,裕太微-U
002518,科士达
002876,三利谱
688046,药康生物
300031,宝通科技
301456,盘古智能
600548,深高速
688685,迈信林
300320,海达股份
688255,凯尔达
300660,江苏雷利
603501,韦尔股份
300864,南大环境
688218,江苏北人
001268,联合精密
688459,哈铁科技
002986,宇新股份
002066,瑞泰科技
002246,北化股份
603190,亚通精工
301446,福事特
873132,泰鹏智能
603380,易德龙
605122,四方新材
301186,超达装备
002326,永太科技
600822,上海物贸
603357,设计总院
300143,盈康生命
601127,赛力斯
002559,亚威股份
300211,亿通科技
601985,中国核电
002549,凯美特气
000657,中钨高新
600983,惠而浦
000682,东方电子
603798,康普顿
600549,厦门钨业
688306,均普智能
605167,利柏特
603158,腾龙股份
600629,华建集团
001322,箭牌家居
688737,中自科技
002179,中航光电
300063,天龙集团
000685,中山公用
301390,经纬股份
300441,鲍斯股份
603192,汇得科技
300041,回天新材
301171,易点天下
603080,新疆火炬
002783,凯龙股份
688285,高铁电气
301508,中机认检
601998,中信银行
603177,德创环保
688300,联瑞新材
300141,和顺电气
871981,晶赛科技
601200,上海环境
000705,浙江震元
301211,亨迪药业
601766,中国中车
002057,中钢天源
002274,华昌化工
000960,锡业股份
300636,同和药业
301170,锡南科技
688638,誉辰智能
601319,中国人保
300449,汉邦高科
688113,联测科技
603916,苏博特
002166,莱茵生物
002349,精华制药
300514,友讯达
002544,普天科技
301163,宏德股份
688565,力源科技
600360,ST华微
002252,上海莱士
002440,闰土股份
600141,兴发集团
300780,德恩精工
601801,皖新传媒
688207,格灵深瞳
002927,泰永长征
300642,透景生命
603350,安乃达
601609,金田股份
600330,天通股份
300095,华伍股份
600997,开滦股份
688013,天臣医疗
603458,勘设股份
600884,杉杉股份
603999,读者传媒
603660,苏州科达
000886,海南高速
002718,友邦吊顶
600667,太极实业
603004,鼎龙科技
301011,华立科技
000885,城发环境
601226,华电科工
601139,深圳燃气
688188,柏楚电子
002540,亚太科技
301216,万凯新材
601390,中国中铁
002063,远光软件
301606,绿联科技
300081,恒信东方
600335,国机汽车
002729,好利科技
300016,北陆药业
300229,拓尔思
601066,中信建投
300448,浩云科技
300463,迈克生物
688395,正弦电气
300588,熙菱信息
688566,吉贝尔
002983,芯瑞达
601668,中国建筑
002882,金龙羽
688006,杭可科技
603888,新华网
300214,日科化学
300411,金盾股份
688273,麦澜德
002304,洋河股份
603291,联合水务
603636,南威软件
688520,神州细胞-U
002737,葵花药业
002223,鱼跃医疗
603877,太平鸟
605258,协和电子
002572,索菲亚
600843,上工申贝
600874,创业环保
688432,有研硅
603086,先达股份
002184,海得控制
688607,康众医疗
600925,苏能股份
688017,绿的谐波
603306,华懋科技
601628,中国人寿
300768,迪普科技
000516,国际医学
002556,辉隆股份
600409,三友化工
300456,赛微电子
605151,西上海
000782,恒申新材
000755,山西高速
600056,中国医药
603880,南卫股份
301193,家联科技
300788,中信出版
603045,福达合金
833266,生物谷
605077,华康股份
688575,亚辉龙
001319,铭科精技
600819,耀皮玻璃
300631,久吾高科
300055,万邦达
003028,振邦智能
603379,三美股份
002893,京能热力
003030,祖名股份
601088,中国神华
301299,卓创资讯
002459,晶澳科技
603416,信捷电气
000012,南  玻Ａ
600998,九州通
002591,恒大高新
300187,永清环保
688396,华润微
600395,盘江股份
300172,中电环保
000883,湖北能源
003011,海象新材
600516,方大炭素
002362,汉王科技
300737,科顺股份
301356,天振股份
000599,青岛双星
600405,动力源
002275,桂林三金
600876,凯盛新能
300352,北信源
000758,中色股份
300340,科恒股份
002382,蓝帆医疗
300763,锦浪科技
301020,密封科技
002205,国统股份
603929,亚翔集成
002593,日上集团
600642,申能股份
688469,芯联集成-U
002079,苏州固锝
300385,雪浪环境
002360,同德化工
603089,正裕工业
603538,美诺华
300825,阿尔特
000591,太阳能
300617,安靠智电
002123,梦网科技
601298,青岛港
600333,长春燃气
688157,松井股份
600572,康恩贝
600295,鄂尔多斯
301382,蜂助手
688697,纽威数控
300820,英杰电气
601700,风范股份
831370,新安洁
603025,大豪科技
603105,芯能科技
603093,南华期货
300422,博世科
002940,昂利康
000723,美锦能源
601666,平煤股份
300257,开山股份
601065,江盐集团
603937,丽岛新材
600887,伊利股份
603976,正川股份
301303,真兰仪表
300750,宁德时代
603195,公牛集团
301567,贝隆精密
002004,华邦健康
002405,四维图新
002424,ST百灵
300213,佳讯飞鸿
603759,海天股份
301293,三博脑科
301587,中瑞股份
300491,通合科技
002287,奇正藏药
300096,ST易联众
002292,奥飞娱乐
600676,交运股份
000955,欣龙控股
603391,力聚热能
603920,世运电路
603000,人民网
301026,浩通科技
688321,微芯生物
000055,方大集团
002805,丰元股份
300107,建新股份
600761,安徽合力
000156,华数传媒
300730,科创信息
600519,贵州茅台
002539,云图控股
002691,冀凯股份
000513,丽珠集团
002535,林州重机
002534,西子洁能
600377,宁沪高速
601818,光大银行
300594,朗进科技
600223,福瑞达
600605,汇通能源
000607,华媒控股
301189,奥尼电子
300049,福瑞股份
001326,联域股份
000999,华润三九
002182,宝武镁业
688370,丛麟科技
000801,四川九洲
000786,北新建材
688686,奥普特
603768,常青股份
600121,郑州煤电
603982,泉峰汽车
301255,通力科技
002465,海格通信
001222,源飞宠物
688739,成大生物
002620,瑞和股份
300733,西菱动力
300882,万胜智能
003038,鑫铂股份
002160,常铝股份
000615,ST美谷
600123,兰花科创
600110,诺德股份
000627,天茂集团
603081,大丰实业
603717,天域生物
300831,派瑞股份
600196,复星医药
000576,甘化科工
603808,歌力思
688671,碧兴物联
300521,爱司凯
600579,中化装备
002390,信邦制药
603269,海鸥股份
603026,石大胜华
300388,节能国祯
301050,雷电微力
300861,美畅股份
002623,亚玛顿
600350,山东高速
001230,劲旅环境
002932,明德生物
000707,双环科技
603273,天元智能
603163,圣晖集成
002603,以岭药业
300556,丝路视觉
600284,浦东建设
600681,百川能源
600650,锦江在线
301119,正强股份
688582,芯动联科
301059,金三江
600716,凤凰股份
600332,白云山
603881,数据港
300183,东软载波
000089,深圳机场
603725,天安新材
001205,盛航股份
003039,顺控发展
000983,山西焦煤
605033,美邦股份
301526,国际复材
000692,惠天热电
688203,海正生材
002380,科远智慧
300226,上海钢联
688485,九州一轨
601228,广州港
600459,贵研铂业
300444,双杰电气
002007,华兰生物
600299,安迪苏
000929,兰州黄河
603598,引力传媒
601800,中国交建
688568,中科星图
688114,华大智造
000407,胜利股份
300553,集智股份
301149,隆华新材
301207,华兰疫苗
301399,英特科技
000531,穗恒运Ａ
300078,思创医惠
003006,百亚股份
002921,联诚精密
600833,第一医药
603958,哈森股份
300165,ST天瑞
300824,北鼎股份
002614,奥佳华
600685,中船防务
688016,心脉医疗
688030,山石网科
300966,共同药业
001373,翔腾新材
603230,内蒙新华
301552,科力装备
688562,航天软件
300550,和仁科技
000937,冀中能源
601991,大唐发电
603282,亚光股份
002136,安 纳 达
301133,金钟股份
300726,宏达电子
688223,晶科能源
600004,白云机场
688369,致远互联
600415,小商品城
688786,悦安新材
603135,中重科技
301512,智信精密
300595,欧普康视
300812,易天股份
600777,ST新潮
601567,三星医疗
601107,四川成渝
000415,渤海租赁
301229,纽泰格
002730,电光科技
000498,山东路桥
603595,东尼电子
600780,通宝能源
601121,宝地矿业
600756,浪潮软件
000429,粤高速Ａ
300774,倍杰特
600760,中航沈飞
603991,至正股份
603367,辰欣药业
002327,富安娜
600293,三峡新材
603628,清源股份
600600,青岛啤酒
600561,江西长运
300981,中红医疗
601518,吉林高速
301120,新特电气
603022,新通联
002520,日发精机
000553,安道麦A
688163,赛伦生物
600698,湖南天雁
002267,陕天然气
300445,康斯特
002043,兔 宝 宝
300503,昊志机电
603489,八方股份
603665,康隆达
603178,圣龙股份
600796,钱江生化
300770,新媒股份
001313,粤海饲料
603500,祥和实业
688356,键凯科技
001367,海森药业
300333,兆日科技
300206,理邦仪器
000408,藏格矿业
301175,中科环保
300707,威唐工业
688525,佰维存储
300283,温州宏丰
002993,奥海科技
688121,卓然股份
688777,中控技术
600817,宇通重工
300612,宣亚国际
688435,英方软件
601607,上海医药
603057,紫燕食品
300649,杭州园林
688185,康希诺
688511,天微电子
603232,格尔软件
688677,海泰新光
300751,迈为股份
605376,博迁新材
601900,南方传媒
300298,三诺生物
601633,长城汽车
600222,太龙药业
603229,奥翔药业
002831,裕同科技
600079,人福医药
300639,凯普生物
002129,TCL中环
603638,艾迪精密
600557,康缘药业
002965,祥鑫科技
000568,泸州老窖
603439,贵州三力
688027,国盾量子
002180,纳思达
300806,斯迪克
300808,久量股份
301260,格力博
300838,浙江力诺
300434,金石亚药
601360,三六零
003004,声迅股份
603065,宿迁联盛
600722,金牛化工
002185,华天科技
002170,芭田股份
002394,联发股份
301102,兆讯传媒
688003,天准科技
300937,药易购
301378,通达海
600690,海尔智家
002690,美亚光电
000927,中国铁物
688209,英集芯
600660,福耀玻璃
603608,*ST天创
002759,天际股份
002125,湘潭电化
601177,杭齿前进
600113,浙江东日
600378,昊华科技
600252,中恒集团
002625,光启技术
600168,武汉控股
601001,晋控煤业
600556,天下秀
301309,万得凯
300091,金通灵
601101,昊华能源
688139,海尔生物
300223,北京君正
603311,金海高科
000088,盐 田 港
600617,国新能源
300822,贝仕达克
600824,益民集团
603344,星德胜
600058,五矿发展
605305,中际联合
600580,卧龙电驱
002091,江苏国泰
301103,何氏眼科
002669,康达新材
600526,菲达环保
601118,海南橡胶
832145,恒合股份
300606,金太阳
600116,三峡水利
300643,万通智控
601038,一拖股份
300289,利德曼
688352,颀中科技
688768,容知日新
000830,鲁西化工
301115,建科股份
300940,南极光
688358,祥生医疗
603060,国检集团
600229,城市传媒
601882,海天精工
002660,茂硕电源
688275,万润新能
603095,越剑智能
688323,瑞华泰
603167,渤海轮渡
000881,中广核技
300475,香农芯创
002763,汇洁股份
605398,新炬网络
600382,广东明珠
688363,华熙生物
300676,华大基因
301258,富士莱
002168,ST惠程
301125,腾亚精工
002121,科陆电子
002019,亿帆医药
688216,气派科技
688116,天奈科技
301060,兰卫医学
688219,会通股份
605303,园林股份
603355,莱克电气
003035,南网能源
002389,航天彩虹
833030,立方控股
002641,公元股份
300710,万隆光电
600855,航天长峰
603733,仙鹤股份
605178,时空科技
600803,新奥股份
603108,润达医疗
600880,博瑞传播
600570,恒生电子
600020,中原高速
603006,联明股份
603275,众辰科技
688187,时代电气
603385,惠达卫浴
300462,华铭智能
605098,行动教育
600227,赤天化
603075,热威股份
603279,景津装备
603097,江苏华辰
002425,ST凯文
003012,东鹏控股
600520,三佳科技
300633,开立医疗
300984,金沃股份
688508,芯朋微
001896,豫能控股
000545,金浦钛业
000753,漳州发展
600358,ST联合
603008,喜临门
000501,武商集团
002483,润邦股份
002486,嘉麟杰
688981,中芯国际
002122,汇洲智能
300162,雷曼光电
688071,华依科技
001213,中铁特货
300058,蓝色光标
600546,山煤国际
688590,新致软件
688189,南新制药
003029,吉大正元
688018,乐鑫科技
603790,雅运股份
300224,正海磁材
300584,海辰药业
300130,新国都
301223,中荣股份
301358,湖南裕能
002787,华源控股
000422,湖北宜化
301568,思泰克
688335,复洁环保
600352,浙江龙盛
300692,中环环保
301418,协昌科技
601113,华鼎股份
603196,日播时尚
688690,纳微科技
301448,开创电气
301199,迈赫股份
002054,德美化工
603219,富佳股份
688180,君实生物-U
603053,成都燃气
002810,山东赫达
600995,南网储能
300479,神思电子
605007,五洲特纸
002524,光正眼科
301395,仁信新材
002638,勤上股份
600769,祥龙电业
688265,南模生物
688291,金橙子
001278,一彬科技
001231,农心科技
688456,有研粉材
000681,视觉中国
603730,岱美股份
688609,九联科技
301387,光大同创
301330,熵基科技
300149,睿智医药
300353,东土科技
688623,双元科技
605162,新中港
301198,喜悦智行
002773,康弘药业
688505,复旦张江
002428,云南锗业
002332,仙琚制药
688533,上声电子
002361,神剑股份
688235,百济神州-U
600990,四创电子
300878,维康药业
605005,合兴股份
603325,博隆技术
600096,云天化
002119,康强电子
600821,金开新能
600917,重庆燃气
600018,上港集团
002023,海特高新
688002,睿创微纳
300168,万达信息
301085,亚康股份
301588,美新科技
301591,肯特股份
002393,力生制药
002768,国恩股份
300821,东岳硅材
001306,夏厦精密
002354,天娱数科
688295,中复神鹰
688115,思林杰
002436,兴森科技
002191,劲嘉股份
002833,弘亚数控
002510,天汽模
300658,延江股份
003005,竞业达
603150,万朗磁塑
002573,清新环境
600985,淮北矿业
688302,海创药业-U
600010,包钢股份
688078,龙软科技
300489,光智科技
603599,广信股份
301296,新巨丰
600328,中盐化工
301172,君逸数码
601188,龙江交通
301345,涛涛车业
300539,横河精密
600740,山西焦化
002255,海陆重工
688656,浩欧博
836699,海达尔
601969,海南矿业
920118,太湖远大
300010,豆神教育
600232,金鹰股份
601929,吉视传媒
000503,国新健康
300847,中船汉光
600006,东风股份
300269,联建光电
600475,华光环能
002790,瑞尔特
001202,炬申股份
000989,ST九芝
301169,零点有数
601279,英利汽车
600980,北矿科技
002211,宏达新材
300080,易成新能
002301,齐心集团
002015,协鑫能科
688172,燕东微
688150,莱特光电
600312,平高电气
300665,飞鹿股份
603077,和邦生物
603356,华菱精工
603689,皖天然气
600493,凤竹纺织
301039,中集车辆
688553,汇宇制药-W
000858,五 粮 液
001324,长青科技
000537,中绿电
301611,珂玛科技
603882,金域医学
000683,远兴能源
002865,钧达股份
002634,棒杰股份
600062,华润双鹤
688278,特宝生物
688019,安集科技
600929,雪天盐业
002470,金正大
600750,江中药业
002225,濮耐股份
605333,沪光股份
300376,ST易事特
605177,东亚药业
688151,华强科技
600612,老凤祥
688201,信安世纪
300006,莱美药业
600118,中国卫星
002654,万润科技
600800,渤海化学
301515,港通医疗
603520,司太立
301071,力量钻石
600499,科达制造
600531,豫光金铅
601827,三峰环境
300184,力源信息
688328,深科达
002969,嘉美包装
603041,美思德
300493,润欣科技
600881,亚泰集团
688292,浩瀚深度
603823,百合花
002753,永东股份
603130,云中马
002100,天康生物
688466,金科环境
600779,水井坊
600085,同仁堂
600038,中直股份
300869,康泰医学
603860,中公高科
600737,中粮糖业
300889,爱克股份
000816,智慧农业
301327,华宝新能
000821,京山轻机
600397,安源煤业
301111,粤万年青
600581,八一钢铁
600550,保变电气
002132,恒星科技
600509,天富能源
300373,扬杰科技
605507,国邦医药
872931,无锡鼎邦
600478,科力远
002911,佛燃能源
002960,青鸟消防
603055,台华新材
688035,德邦科技
600025,华能水电
002864,盘龙药业
603226,菲林格尔
301617,博苑股份
000762,西藏矿业
870508,丰安股份
688398,赛特新材
300480,光力科技
600285,羚锐制药
301525,儒竞科技
600596,新安股份
603100,川仪股份
002488,金固股份
600792,云煤能源
000912,泸天化
002474,榕基软件
603826,坤彩科技
002967,广电计量
600674,川投能源
688489,三未信安
603505,金石资源
688598,金博股份
688389,普门科技
000519,中兵红箭
688331,荣昌生物
001207,联科科技
001216,华瓷股份
300816,艾可蓝
000539,粤电力Ａ
300481,濮阳惠成
300396,迪瑞医疗
301308,江波龙
600197,伊力特
605166,聚合顺
603605,珀莱雅
300827,上能电气
603280,南方路机
600161,天坛生物
603297,永新光学
300522,世名科技
603589,口子窖
600529,山东药玻
300190,维尔利
300946,恒而达
601880,辽港股份
600481,双良节能
301203,国泰环保
603019,中科曙光
600468,百利电气
600963,岳阳林纸
600966,博汇纸业
300180,华峰超纤
600905,三峡能源
688600,皖仪科技
600847,万里股份
688429,时创能源
603815,交建股份
603825,华扬联众
300458,全志科技
001391,国货航
002164,宁波东力
601016,节能风电
600805,悦达投资
601033,永兴股份
601208,东材科技
603667,五洲新春
300279,和晶科技
001239,永达股份
001236,弘业期货
300693,盛弘股份
605288,凯迪股份
300842,帝科股份
300585,奥联电子
002120,韵达股份
002157,正邦科技
300720,海川智能
002117,东港股份
002112,三变科技
603708,家家悦
300286,安科瑞
301278,快可电子
300069,金利华电
301536,星宸科技
688199,久日新材
600084,中信尼雅
300705,九典制药
301332,德尔玛
600343,航天动力
300452,山河药辅
002418,康盛股份
301408,华人健康
603650,彤程新材
688339,亿华通-U
301261,恒工精密
601058,赛轮轮胎
300244,迪安诊断
002422,科伦药业
300613,富瀚微
300622,博士眼镜
000672,上峰水泥
834021,流金科技
002977,天箭科技
605358,立昂微
688271,联影医疗
603728,鸣志电器
000058,深 赛 格
002616,长青集团
301081,严牌股份
002652,扬子新材
600207,安彩高科
300498,温氏股份
605268,王力安防
688584,上海合晶
300359,全通教育
603217,元利科技
603071,物产环能
300721,怡达股份
688191,智洋创新
301355,南王科技
300271,华宇软件
001359,平安电工
301062,上海艾录
301598,博科测试
603358,华达科技
002825,纳尔股份
300403,汉宇集团
301548,崇德科技
603662,柯力传感
002798,帝欧家居
605168,三人行
301117,佳缘科技
600618,氯碱化工
600971,恒源煤电
300471,厚普股份
603209,兴通股份
300813,泰林生物
600897,厦门空港
300604,长川科技
603685,晨丰科技
301029,怡合达
002643,万润股份
688088,虹软科技
301285,鸿日达
300648,星云股份
600089,特变电工
688007,光峰科技
300171,东富龙
600365,ST通葡
300785,值得买
688135,利扬芯片
688012,中微公司
600236,桂冠电力
600115,中国东航
600841,动力新科
301302,华如科技
300364,中文在线
603197,保隆科技
688084,晶品特装
600026,中远海能
002918,蒙娜丽莎
688518,联赢激光
001226,拓山重工
300426,唐德影视
300811,铂科新材
002358,森源电气
600327,大东方
688195,腾景科技
688075,安旭生物
000876,新 希 望
300886,华业香料
300054,鼎龙股份
688133,泰坦科技
603551,奥普科技
601012,隆基绿能
301266,宇邦新材
002975,博杰股份
688556,高测股份
300817,双飞集团
688168,安博通
600814,杭州解百
300672,国科微
301265,华新环保
001301,尚太科技
688237,超卓航科
002099,海翔药业
300880,迦南智能
603986,兆易创新
600619,海立股份
002988,豪美新材
833075,柏星龙
603396,金辰股份
000561,烽火电子
300175,ST朗源
300865,大宏立
301386,未来电器
301291,明阳电气
603270,金帝股份
688523,航天环宇
002271,东方雨虹
601908,京运通
300572,安车检测
300855,图南股份
600620,天宸股份
300593,新雷能
300996,普联软件
600585,海螺水泥
688420,美腾科技
002545,东方铁塔
300410,正业科技
301056,森赫股份
301093,华兰股份
603020,爱普股份
688036,传音控股
300335,迪森股份
688312,燕麦科技
002320,海峡股份
300137,ST先河
002416,爱施德
603185,弘元绿能
301306,西测测试
601619,嘉泽新能
300999,金龙鱼
603779,威龙股份
688196,卓越新能
300868,杰美特
600758,辽宁能源
603678,火炬电子
002538,司尔特
002757,南兴股份
301388,欣灵电气
002552,宝鼎科技
301633,港迪技术
603506,南都物业
300902,国安达
002777,久远银海
002156,通富微电
830974,凯大催化
301559,中集环科
001380,华纬科技
300894,火星人
002521,齐峰新材
000523,红棉股份
600714,金瑞矿业
002662,京威股份
002563,森马服饰
000037,深南电A
601968,宝钢包装
603585,苏利股份
603015,弘讯科技
600566,济川药业
688158,优刻得-W
300573,兴齐眼药
600866,星湖科技
002674,兴业科技
301283,聚胶股份
000791,甘肃能源
002861,瀛通通讯
688689,银河微电
000635,英 力 特
688716,中研股份
002330,得利斯
301138,华研精机
688153,唯捷创芯
301007,德迈仕
688100,威胜信息
603680,今创集团
600559,老白干酒
600461,洪城环境
301012,扬电科技
600641,万业企业
600726,华电能源
301192,泰祥股份
002169,智光电气
002080,中材科技
001330,博纳影业
300624,万兴科技
301112,信邦智能
000619,海螺新材
600372,中航机载
000521,长虹美菱
600893,航发动力
605488,福莱新材
300846,首都在线
000035,中国天楹
003009,中天火箭
002494,华斯股份
002508,老板电器
600733,北汽蓝谷
000597,东北制药
300698,万马科技
300365,恒华科技
600059,古越龙山
300993,玉马科技
600686,金龙汽车
300623,捷捷微电
603155,新亚强
603316,诚邦股份
600745,闻泰科技
600055,万东医疗
002198,嘉应制药
300375,鹏翎股份
688316,青云科技-U
688498,源杰科技
600470,六国化工
000518,四环生物
600858,银座股份
002608,江苏国信
603980,吉华集团
603113,金能科技
603096,新经典
603073,彩蝶实业
603050,科林电气
600771,广誉远
601326,秦港股份
601989,中国重工
600331,宏达股份
301468,博盈特焊
301100,风光股份
002083,孚日股份
301220,亚香股份
601019,山东出版
600272,开开实业
600886,国投电力
300818,耐普矿机
605555,德昌股份
301087,可孚医疗
000557,西部创业
000875,吉电股份
002799,环球印务
300421,力星股份
688475,萤石网络
688353,华盛锂电
600418,江淮汽车
688549,中巨芯-U
600489,中金黄金
300736,百邦科技
688296,和达科技
688057,金达莱
002950,奥美医疗
688793,倍轻松
301113,雅艺科技
300261,雅本化学
301262,海看股份
600875,东方电气
600366,宁波韵升
688082,盛美上海
600323,瀚蓝环境
688631,莱斯信息
688033,天宜上佳
603939,益丰药房
002714,牧原股份
300962,中金辐照
301072,中捷精工
000893,亚钾国际
301507,民生健康
600422,昆药集团
600535,天士力
300393,中来股份
000980,众泰汽车
003042,中农联合
688141,杰华特
300151,昌红科技
603395,红四方
603806,福斯特
688531,日联科技
688733,壹石通
605020,永和股份
603970,中农立华
688711,宏微科技
000401,冀东水泥
002575,群兴玩具
688028,沃尔德
300650,太龙股份
300716,泉为科技
301168,通灵股份
300093,金刚光伏
601872,招商轮船
600269,赣粤高速
300583,赛托生物
300425,中建环能
603068,博通集成
300082,奥克股份
002020,京新药业
301107,瑜欣电子
002053,云南能投
688599,天合光能
601022,宁波远洋
605369,拱东医疗
301580,爱迪特
601598,中国外运
301015,百洋医药
002971,和远气体
001696,宗申动力
000895,双汇发展
300706,阿石创
603901,永创智能
600230,沧州大化
300653,正海生物
688230,芯导科技
300749,顶固集创
600104,上汽集团
002818,富森美
601015,陕西黑猫
600508,上海能源
688403,汇成股份
688258,卓易信息
300904,威力传动
688433,华曙高科
688169,石头科技
600460,士兰微
688106,金宏气体
300072,海新能科
873527,夜光明
600160,巨化股份
000930,中粮科技
300488,恒锋工具
688561,奇安信-U
300254,仟源医药
301179,泽宇智能
688605,先锋精科
002594,比亚迪
300554,三超新材
300862,蓝盾光电
002338,奥普光电
688478,晶升股份
301398,星源卓镁
300179,四方达
300331,苏大维格
301129,瑞纳智能
301622,英思特
300701,森霸传感
301555,惠柏新材
001255,博菲电气
300253,卫宁健康
688231,隆达股份
003010,若羽臣
000504,南华生物
301336,趣睡科技
301030,仕净科技
002858,力盛体育
605399,晨光新材
688750,金天钛业
600795,国电电力
000799,酒鬼酒
688039,当虹科技
600547,山东黄金
600827,百联股份
600131,国网信通
000860,顺鑫农业
000810,创维数字
600137,浪莎股份
603700,宁水集团
300525,博思软件
600500,中化国际
688266,泽璟制药-U
002197,ST证通
300938,信测标准
300227,光韵达
300291,百纳千成
688698,伟创电气
601018,宁波港
688603,天承科技
603001,奥康国际
000572,海马汽车
000488,ST晨鸣
000790,华神科技
688256,寒武纪-U
688160,步科股份
600505,西昌电力
600883,博闻科技
603867,新化股份
605366,宏柏新材
600011,华能国际
000605,渤海股份
600717,天津港
688332,中科蓝讯
002515,金字火腿
603013,亚普股份
688293,奥浦迈
601728,中国电信
301234,五洲医疗
000752,ST西发
601899,紫金矿业
300121,阳谷华泰
301201,诚达药业
603950,长源东谷
688111,金山办公
002372,伟星新材
300695,兆丰股份
600993,马应龙
603373,安邦护卫
688351,微电生理
603848,好太太
002791,坚朗五金
000679,大连友谊
600163,中闽能源
603369,今世缘
300883,龙利得
688165,埃夫特-U
301126,达嘉维康
300092,科新机电
600408,安泰集团
837174,宏裕包材
603033,三维股份
002848,高斯贝尔
603345,安井食品
001260,坤泰股份
301235,华康洁净
002265,建设工业
600477,杭萧钢构
600877,电科芯片
000906,浙商中拓
002335,科华数据
688081,兴图新科
301539,宏鑫科技
301148,嘉戎技术
600392,盛和资源
002959,小熊电器
688419,耐科装备
300839,博汇股份
301586,佳力奇
600135,乐凯胶片
601006,大秦铁路
688118,普元信息
300540,蜀道装备
002003,伟星股份
301209,联合化学
300798,锦鸡股份
603339,四方科技
002862,实丰文化
603212,赛伍技术
301213,观想科技
300679,电连技术
300293,蓝英装备
301279,金道科技
301290,东星医疗
002385,大北农
301268,铭利达
600807,济高发展
603069,海汽集团
605123,派克新材
688479,友车科技
603639,海利尔
301009,可靠股份
601949,中国出版
301528,多浦乐
002596,海南瑞泽
300344,立方数科
301367,怡和嘉业
301368,丰立智能
002291,遥望科技
002513,蓝丰生化
603721,中广天择
301017,漱玉平民
000059,华锦股份
603948,建业股份
688348,昱能科技
300575,中旗股份
002321,华英农业
300789,唐源电气
603666,亿嘉和
600165,*ST宁科
603889,新澳股份
603299,苏盐井神
601699,潞安环能
688022,瀚川智能
600539,狮头股份
301281,科源制药
601238,广汽集团
688388,嘉元科技
300538,同益股份
300833,浩洋股份
300930,屹通新材
688120,华海清科
601606,长城军工
300368,ST汇金
603600,永艺股份
603290,斯达半导
603085,天成自控
002319,乐通股份
301565,中仑新材
600640,国脉文化
688636,智明达
600630,龙头股份
003019,宸展光电
002213,大为股份
688383,新益昌
600436,片仔癀
688051,佳华科技
430090,同辉信息
301023,江南奕帆
301019,宁波色母
600435,北方导航
600530,交大昂立
301379,天山电子
688031,星环科技-U
000598,兴蓉环境
832735,德源药业
688132,邦彦技术
000777,中核科技
000423,东阿阿胶
688152,麒麟信安
301361,众智科技
600200,江苏吴中
605111,新洁能
600406,国电南瑞
601225,陕西煤业
002898,赛隆药业
600935,华塑股份
600233,圆通速递
605266,健之佳
300972,万辰集团
688577,浙海德曼
300248,新开普
002772,众兴菌业
600467,好当家
000017,深中华A
600423,柳化股份
688049,炬芯科技
002537,海联金汇
600336,澳柯玛
300877,金春股份
301130,西点药业
430685,新芝生物
002727,一心堂
603172,万丰股份
688408,中信博
605088,冠盛股份
300263,隆华科技
002895,川恒股份
300980,祥源新材
002029,七 匹 狼
300056,中创环保
688667,菱电电控
603713,密尔克卫
600009,上海机场
002049,紫光国微
688510,航亚科技
000509,华塑控股
300451,创业慧康
605068,明新旭腾
300761,立华股份
600188,兖矿能源
301057,汇隆新材
300900,广联航空
688131,皓元医药
600088,中视传媒
688536,思瑞浦
300220,金运激光
601816,京沪高铁
600189,泉阳泉
688167,炬光科技
600150,中国船舶
603767,中马传动
600731,湖南海利
002726,龙大美食
002995,天地在线
603156,养元饮品
301270,汉仪股份
688480,赛恩斯
002630,华西能源
688147,微导纳米
300313,ST天山
002659,凯文教育
300809,华辰装备
002047,宝鹰股份
688448,磁谷科技
605377,华旺科技
603381,永臻股份
600130,波导股份
300834,星辉环材
002880,卫光生物
688586,江航装备
600765,中航重机
002069,獐子岛
600097,开创国际
301522,上大股份
600199,金种子酒
688392,骄成超声
688381,帝奥微
000677,恒天海龙
002875,安奈儿
603637,镇海股份
300718,长盛轴承
600398,海澜之家
688377,迪威尔
688227,品高股份
688709,成都华微
603198,迎驾贡酒
300897,山科智能
301297,富乐德
301602,超研股份
002712,思美传媒
001376,百通能源
001299,美能能源
002830,名雕股份
600452,涪陵电力
000905,厦门港务
603182,嘉华股份
300652,雷迪克
002111,威海广泰
605028,世茂能源
300727,润禾材料
300181,佐力药业
603151,邦基科技
301325,曼恩斯特
600192,长城电工
001317,三羊马
002678,珠江钢琴
688176,亚虹医药-U
603032,德新科技
600158,中体产业
605180,华生科技
688375,国博电子
002224,三 力 士
873001,纬达光电
001333,光华股份
300777,中简科技
870656,海昇药业
300071,福石控股
002581,未名医药
300885,海昌新材
002778,中晟高科
600862,中航高科
603324,盛剑科技
300119,瑞普生物
688228,开普云
605189,富春染织
300439,美康生物
002104,恒宝股份
002438,江苏神通
300387,富邦科技
688311,盟升电子
300506,*ST名家
301322,绿通科技
601595,上海电影
001331,胜通能源
300942,易瑞生物
301581,黄山谷捷
603277,银都股份
834682,球冠电缆
000661,长春高新
300854,中兰环保
300621,维业股份
603917,合力科技
000691,亚太实业
605588,冠石科技
000543,皖能电力
605003,众望布艺
603668,天马科技
603829,洛凯股份
603213,镇洋发展
603655,朗博科技
600201,生物股份
688658,悦康药业
603755,日辰股份
002658,雪迪龙
300901,中胤时尚
300074,华平股份
688601,力芯微
001332,锡装股份
301239,普瑞眼科
603985,恒润股份
603883,老百姓
688628,优利德
300513,恒实科技
000056,皇庭国际
001238,浙江正特
688061,灿瑞科技
600576,祥源文旅
301288,清研环境
603683,晶华新材
001298,好上好
300109,新开源
300629,新劲刚
688627,精智达
688032,禾迈股份
688262,国芯科技
688129,东来技术
301335,天元宠物
603886,元祖股份
000767,晋控电力
300662,科锐国际
001358,兴欣新材
002605,姚记科技
300995,奇德新材
601778,晶科科技
300354,东华测试
301182,凯旺科技
688569,铁科轨道
600119,长江投资
688252,天德钰
603863,松炀资源
001206,依依股份
600774,汉商集团
301469,恒达新材
002311,海大集团
002949,华阳国际
688085,三友医疗
688512,慧智微-U
836675,秉扬科技
603281,江瀚新材
301188,力诺药包
600506,统一股份
301275,汉朔科技
688362,甬矽电子
300848,美瑞新材
688680,海优新材
300276,三丰智能
301429,森泰股份
300957,贝泰妮
603189,网达软件
605589,圣泉集团
301311,昆船智能
302132,中航成飞
002999,天禾股份
688166,博瑞医药
600029,南方航空
002137,实益达
600190,ST锦港
001296,长江材料
600186,莲花控股
831855,浙江大农
688535,华海诚科
300582,英飞特
603168,莎普爱思
300747,锐科激光
002878,元隆雅图
688058,宝兰德
002919,名臣健康
002458,益生股份
000048,京基智农
688416,恒烁股份
301592,六九一二
688062,迈威生物-U
688270,臻镭科技
002154,报 喜 鸟
300337,银邦股份
002646,天佑德酒
300949,奥雅股份
002529,海源复材
300474,景嘉微
301090,华润材料
002567,唐人神
600355,精伦电子
002933,新兴装备
688612,威迈斯
688359,三孚新科
300970,华绿生物
600730,中国高科
603061,金海通
600975,新五丰
688146,中船特气
300637,扬帆新材
300007,汉威科技
600023,浙能电力
600851,海欣股份
688021,奥福环保
603529,爱玛科技
000848,承德露露
000793,ST华闻
301068,大地海洋
603260,合盛硅业
688330,宏力达
300875,捷强装备
300782,卓胜微
600818,中路股份
603789,星光农机
603871,嘉友国际
600433,冠豪高新
605577,龙版传媒
600167,联美控股
688138,清溢光电
003021,兆威机电
000520,凤凰航运
300935,盈建科
600276,恒瑞医药
301596,瑞迪智驱
002507,涪陵榨菜
600973,宝胜股份
002031,巨轮智能
000663,永安林业
300829,金丹科技
002867,周大生
430300,辰光医疗
600628,新世界
872392,佳合科技
600603,ST广物
300132,青松股份
301373,凌玮科技
002793,罗欣药业
000403,派林生物
600298,安琪酵母
688053,思科瑞
300126,锐奇股份
601339,百隆东方
002716,湖南白银
300576,容大感光
600057,厦门象屿
603587,地素时尚
300625,三雄极光
000155,川能动力
600861,北京人力
688221,前沿生物-U
000802,北京文化
601921,浙版传媒
002188,中天服务
002847,盐津铺子
002819,东方中科
600594,益佰制药
300455,航天智装
002222,福晶科技
002679,福建金森
603690,至纯科技
300407,凯发电气
000726,鲁  泰Ａ
605080,浙江自然
688376,美埃科技
300856,科思股份
002315,焦点科技
600073,光明肉业
300547,川环科技
000998,隆平高科
000851,ST高鸿
301230,泓博医药
600373,中文传媒
688589,力合微
688103,国力股份
002025,航天电器
002145,中核钛白
002717,岭南股份
600108,亚盛集团
301631,壹连科技
002103,广博股份
603312,西典新能
002155,湖南黄金
600790,轻纺城
600809,山西汾酒
600228,返利科技
600403,大有能源
002237,恒邦股份
300895,铜牛信息
002758,浙农股份
688320,禾川科技
688385,复旦微电
002905,金逸影视
688023,安恒信息
603180,金牌家居
605179,一鸣食品
301049,超越科技
600727,鲁北化工
688325,赛微微电
000534,万泽股份
688361,中科飞测
600732,爱旭股份
688530,欧莱新材
603210,泰鸿万立
688617,惠泰医疗
002973,侨银股份
600597,光明乳业
688620,安凯微
603059,倍加洁
688261,东微半导
002785,万里石
603029,天鹅股份
601888,中国中免
600195,中牧股份
301162,国能日新
600368,五洲交通
688622,禾信仪器
688301,奕瑞科技
002843,泰嘉股份
300516,久之洋
300876,蒙泰高新
688244,永信至诚
000419,通程控股
603518,锦泓集团
002163,海南发展
300429,强力新材
001300,三柏硕
000564,供销大集
002293,罗莱生活
301535,浙江华远
600400,红豆股份
002124,ST天邦
000061,农 产 品
002903,宇环数控
301269,华大九天
300021,大禹节水
603833,欧派家居
002832,比音勒芬
300835,龙磁科技
688391,钜泉科技
000826,启迪环境
688610,埃科光电
002095,生 意 宝
002076,星光股份
688105,诺唯赞
603977,国泰集团
600287,ST舜天
688692,达梦数据
300911,亿田智能
600538,国发股份
600916,中国黄金
002187,广百股份
688343,云天励飞-U
002511,中顺洁柔
000738,航发控制
002561,徐家汇
001201,东瑞股份
600859,王府井
688366,昊海生科
001318,阳光乳业
301338,凯格精机
688545,兴福电子
000995,皇台酒业
603711,香飘飘
603988,中电电机
603043,广州酒家
000595,宝塔实业
300912,凯龙高科
300640,德艺文创
000833,粤桂股份
601456,国联民生
000909,ST数源
603285,键邦股份
600177,雅戈尔
002190,成飞集成
300004,南风股份
000803,山高环能
002899,英派斯
605133,嵘泰股份
688721,龙图光罩
300581,晨曦航空
600289,*ST信通
002397,梦洁股份
300034,钢研高纳
601678,滨化股份
001223,欧克科技
002215,诺 普 信
002645,华宏科技
871970,大禹生物
002201,九鼎新材
301097,天益医疗
600173,卧龙地产
000729,燕京啤酒
300611,美力科技
603139,康惠制药
300741,华宝股份
603027,千禾味业
301372,科净源
600826,兰生股份
300537,广信材料
603737,三棵树
002739,万达电影
603082,北自科技
301178,天亿马
300212,易华录
301551,无线传媒
688409,富创精密
603898,好莱客
600562,国睿科技
600571,信雅达
600429,三元股份
600111,北方稀土
603879,ST永悦
600180,瑞茂通
600801,华新水泥
600438,通威股份
603179,新泉股份
300666,江丰电子
301021,英诺激光
603499,翔港科技
002746,仙坛股份
300436,广生堂
000735,罗 牛 山
300722,新余国科
301055,张小泉
300955,嘉亨家化
600313,农发种业
688173,希荻微
001256,炜冈科技
000066,中国长城
300655,晶瑞电材
600575,淮河能源
688443,智翔金泰-U
600872,中炬高新
002930,宏川智慧
300478,杭州高新
688595,芯海科技
000603,盛达资源
688260,昀冢科技
603919,金徽酒
603663,三祥新材
002514,宝馨科技
600279,重庆港
601369,陕鼓动力
300052,ST中青宝
300546,雄帝科技
430017,星昊医药
001269,欧晶科技
831304,迪尔化工
600469,风神股份
300760,迈瑞医疗
600694,大商股份
601020,华钰矿业
002044,美年健康
601021,春秋航空
300696,爱乐达
300046,台基股份
300086,康芝药业
688083,中望软件
301177,迪阿股份
301095,广立微
301070,开勒股份
603200,上海洗霸
603578,三星新材
688110,东芯股份
300840,酷特智能
000026,飞亚达
002371,北方华创
601111,中国国航
600702,舍得酒业
688507,索辰科技
000997,新 大 陆
688098,申联生物
000571,新大洲A
600363,联创光电
300688,创业黑马
688596,正帆科技
002455,百川股份
688399,硕世生物
002840,华统股份
605500,森林包装
002647,*ST仁东
600616,金枫酒业
603181,皇马科技
300786,国林科技
300849,锦盛新材
300784,利安科技
688486,龙迅股份
002034,旺能环境
688037,芯源微
600353,旭光电子
300301,*ST长方
600480,凌云股份
301421,波长光电
002655,共达电声
603615,茶花股份
001289,龙源电力
603335,迪生力
605299,舒华体育
002409,雅克科技
688297,中无人机
600267,海正药业
605089,味知香
002611,东方精工
300804,广康生化
002216,三全食品
300278,华昌达
000733,振华科技
001270,铖昌科技
000426,兴业银锡
300153,科泰电源
688286,敏芯股份
301319,唯特偶
002548,金新农
301231,荣信文化
688652,京仪装备
688390,固德威
300959,线上线下
603609,禾丰股份
836957,汉维科技
000798,中水渔业
001279,强邦新材
603816,顾家家居
688246,嘉和美康
301413,安培龙
600844,丹化科技
300518,新迅达
002495,佳隆股份
600156,华升股份
300371,汇中股份
300170,汉得信息
688720,艾森股份
000953,河化股份
000592,平潭发展
002687,乔治白
688679,通源环境
300591,万里马
688101,三达膜
600988,赤峰黄金
001338,永顺泰
003032,传智教育
600798,宁波海运
301613,新铝时代
603208,江山欧派
300888,稳健医疗
600749,西藏旅游
603109,神驰机电
603205,健尔康
688222,成都先导
002663,普邦股份
003043,华亚智能
833781,瑞奇智造
688393,安必平
600892,大晟文化
603375,盛景微
688056,莱伯泰科
688229,博睿数据
300918,南山智尚
688239,航宇科技
600588,用友网络
600354,敦煌种业
870726,鸿智科技
000966,长源电力
601952,苏垦农发
688449,联芸科技
002868,绿康生化
301077,星华新材
300896,爱美客
000915,华特达因
603566,普莱柯
002410,广联达
300819,聚杰微纤
688787,海天瑞声
600301,华锡有色
430476,海能技术
688580,伟思医疗
688087,英科再生
688226,威腾电气
300860,锋尚文化
603066,音飞储存
688633,星球石墨
600132,重庆啤酒
603818,曲美家居
300528,幸福蓝海
603365,水星家纺
301498,乖宝宠物
836433,大唐药业
003026,中晶科技
300501,海顺新材
600017,日照港
688655,迅捷兴
002153,石基信息
601566,九牧王
600305,恒顺醋业
603121,华培动力
688073,毕得医药
600590,泰豪科技
688615,合合信息
001337,四川黄金
002404,嘉欣丝绸
300294,博雅生物
600125,铁龙物流
002612,朗姿股份
688233,神工股份
001323,慕思股份
600138,中青旅
301286,侨源股份
600729,重庆百货
600982,宁波能源
688217,睿昂基因
600979,广安爱众
600278,东方创业
301000,肇民科技
301027,华蓝集团
605199,葫芦娃
301371,敷尔佳
688506,百利天恒
002199,*ST东晶
002489,浙江永强
605287,德才股份
002889,东方嘉盛
002731,萃华珠宝
688184,帕瓦股份
688099,晶晨股份
300440,运达科技
605339,南侨食品
300669,沪宁股份
300545,联得装备
688699,明微电子
000529,广弘控股
600536,中国软件
688543,国科军工
603885,吉祥航空
688206,概伦电子
301348,蓝箭电子
301550,斯菱股份
688758,赛分科技
603933,睿能科技
002685,华东重机
605055,迎丰股份
688639,华恒生物
688272,富吉瑞
300767,震安科技
002755,奥赛康
600337,美克家居
301035,润丰股份
600316,洪都航空
603231,索宝蛋白
301096,百诚医药
603255,鼎际得
837046,亿能电力
688401,路维光电
002461,珠江啤酒
603801,志邦家居
600598,北大荒
603918,金桥信息
000869,张  裕Ａ
000831,中国稀土
002481,双塔食品
002923,润都股份
688700,东威科技
605388,均瑶健康
002299,圣农发展
600257,大湖股份
688041,海光信息
688200,华峰测控
688439,振华风光
300012,华测检测
836547,无锡晶海
001259,利仁科技
300830,金现代
300967,晓鸣股份
300281,金明精机
605318,法狮龙
300779,惠城环保
605599,菜百股份
688048,长光华芯
002838,道恩股份
603315,福鞍股份
002808,ST恒久
002627,三峡旅游
300953,震裕科技
601069,西部黄金
688757,胜科纳米
603268,松发股份
688177,百奥泰
002058,威尔泰
002568,百润股份
000713,丰乐种业
000880,潍柴重机
603090,宏盛股份
600280,中央商场
603223,恒通股份
603166,福达股份
301500,飞南资源
001286,陕西能源
300915,海融科技
601156,东航物流
600359,新农开发
603288,海天味业
002661,克明食品
002159,三特索道
603392,万泰生物
688107,安路科技
600955,维远股份
600172,黄河旋风
603078,江化微
300381,溢多利
002735,王子新材
002695,煌上煌
836807,奔朗新材
603238,诺邦股份
301010,晶雪节能
603687,大胜达
920016,中草香料
002928,华夏航空
301227,森鹰窗业
002800,天顺股份
300203,聚光科技
600129,太极集团
300209,*ST有树
688653,康希通信
870866,绿亨科技
688155,先惠技术
603866,桃李面包
688526,科前生物
000601,韶能股份
003000,劲仔食品
600375,汉马科技
600206,有研新材
000710,贝瑞基因
000850,华茂股份
300144,宋城演艺
300225,金力泰
300661,圣邦股份
002374,中锐股份
601330,绿色动力
300346,南大光电
600719,大连热电
301088,戎美股份
300100,双林股份
301228,实朴检测
002469,三维化学
603822,嘉澳环保
300755,华致酒行
301078,孩子王
300314,戴维医疗
003016,欣贺股份
300851,交大思诺
688691,灿芯股份
000004,国华网安
301381,赛维时代
001309,德明利
600857,宁波中百
300466,赛摩智能
688089,嘉必优
839680,广道数字
600573,惠泉啤酒
603697,有友食品
002234,民和股份
000008,神州高铁
301376,致欧科技
688695,中创股份
603227,雪峰科技
600693,东百集团
300558,贝达药业
600081,东风科技
600238,海南椰岛
000911,广农糖业
603221,爱丽家居
301369,联动科技
600127,金健米业
603233,大参林
603169,兰石重装
000862,银星能源
001287,中电港
301212,联盛化学
300077,国民技术
000702,正虹科技
002667,威领股份
603719,良品铺子
603011,合锻智能
002896,中大力德
603170,宝立食品
002041,登海种业
300837,浙矿股份
688337,普源精电
000626,远大控股
300125,ST聆达
002077,大港股份
001215,千味央厨
301001,凯淳股份
000633,合金投资
600735,新华锦
688095,福昕软件
688662,富信科技
688687,凯因科技
688268,华特气体
002356,赫美集团
603558,健盛集团
300416,苏试试验
835179,凯德石英
002541,鸿路钢构
002982,湘佳股份
688045,必易微
688629,华丰科技
600243,青海华鼎
002536,飞龙股份
002852,道道全
603813,原尚股份
300881,盛德鑫泰
603261,立航科技
000922,佳电股份
688788,科思科技
603278,大业股份
600592,龙溪股份
600439,瑞贝卡
000019,深粮控股
300740,水羊股份
301092,争光股份
603062,麦加芯彩
605296,神农集团
605300,佳禾食品
301160,翔楼新材
830964,润农节水
000975,山金国际
300941,创识科技
300527,中船应急
000507,珠海港
600032,浙江新能
688136,科兴制药
002639,雪人股份
688458,美芯晟
688052,纳芯微
688693,锴威特
688072,拓荆科技
301036,双乐股份
300945,曼卡龙
603536,惠发食品
002193,如意集团
688488,艾迪药业
300719,安达维尔
002707,众信旅游
300960,通业科技
600462,*ST九有
600054,黄山旅游
603115,海星股份
300867,圣元环保
002574,明牌珠宝
002269,美邦服饰
001328,登康口腔
000993,闽东电力
301082,久盛电气
000524,岭南控股
002557,洽洽食品
002496,辉丰股份
600936,广西广电
605069,正和生态
603102,百合股份
300923,研奥股份
002297,博云新材
603517,绝味食品
688365,光云科技
688077,大地熊
300378,鼎捷数智
000600,建投能源
688591,泰凌微
000428,华天酒店
600315,上海家化
002562,兄弟科技
605338,巴比食品
834765,美之高
301601,惠通科技
603868,飞科电器
600787,中储股份
430139,华岭股份
002762,金发拉比
300687,赛意信息
002456,欧菲光
603931,格林达
300398,飞凯材料
301075,多瑞医药
300671,富满微
688130,晶华微
920108,宏海科技
002956,西麦食品
300087,荃银高科
688220,翱捷科技-U
603313,梦百合
603688,石英股份
603117,万林物流
601007,金陵饭店
002651,利君股份
000796,凯撒旅业
000931,中 关 村
300748,金力永磁
603162,海通发展
300391,长药控股
600981,汇鸿集团
300795,米奥会展
600882,妙可蓝多
600706,曲江文旅
000978,桂林旅游
301110,青木科技
300040,九洲集团
600744,华银电力
301300,远翔新材
301206,三元生物
600696,岩石股份
603039,泛微网络
301277,新天地
000958,电投产融
603398,沐邦高科
002408,齐翔腾达
605008,长鸿高科
000016,深康佳Ａ
603722,阿科力
300905,宝丽迪
301025,读客文化
301658,首航新能
603123,翠微股份
600101,明星电力
838227,美登科技
002582,好想你
605169,洪通燃气
002749,国光股份
002816,和科达
603507,振江股份
603843,正平股份
301333,诺思格
605499,XD东鹏饮
000656,*ST金科
603590,康辰药业
603511,爱慕股份
300656,民德电子
603317,天味食品
600421,华嵘控股
301396,宏景科技
688522,纳睿雷达
603267,鸿远电子
001219,青岛食品
605011,杭州热电
603477,巨星农牧
688625,呈和科技
688357,建龙微纳
688502,茂莱光学
600754,锦江酒店
871694,DR中裕科
600636,国新文化
002742,ST三圣
300424,航新科技
603658,安图生物
000920,沃顿科技
002609,捷顺科技
920002,万达轴承
002991,甘源食品
603266,天龙股份
001209,洪兴股份
000609,*ST中迪
688519,南亚新材
301276,嘉曼服饰
301556,托普云农
300723,一品红
301662,C宏工
600371,万向德农
600987,航民股份
834058,华洋赛车
300345,华民股份
600962,国投中鲁
603329,上海雅仕
300195,长荣股份
603409,汇通控股
002059,云南旅游
300908,仲景食品
301392,汇成真空
833509,同惠电子
603569,长久物流
300094,国联水产
688717,艾罗能源
300985,致远新能
601933,永辉超市
000888,峨眉山Ａ
300775,三角防务
603110,东方材料
000722,湖南发展
300139,晓程科技
600215,派斯林
603171,税友股份
430489,佳先股份
300318,博晖创新
301190,善水科技
002631,德尔未来
301066,万事利
600513,联环药业
002286,保龄宝
000582,北部湾港
300189,神农种业
000822,山东海化
603079,圣达生物
002365,永安药业
920029,开发科技
603388,ST元成
603607,京华激光
603007,ST花王
600965,福成股份
000736,*ST中地
600387,*ST海越
600171,上海贝岭
002033,丽江股份
600107,美尔雅
300127,银河磁体
002702,海欣食品
603559,*ST通脉
301357,北方长龙
300859,西域旅游
000430,ST张家界
601083,锦江航运
600381,ST春天
002656,ST摩登
836961,西磁科技
301033,迈普医学
603193,润本股份
832982,锦波生物
000899,赣能股份
870299,灿能电力
688010,福光股份
600712,南宁百货
002306,*ST云网
301016,雷尔伟
301259,艾布鲁
301156,美农生物
002696,百洋股份
833171,国航远洋
300106,西部牧业
300260,新莱应材
603718,海利生物
002492,恒基达鑫
603099,长白山
600191,华资实业
600804,*ST鹏博
301618,长联科技
002566,益盛药业
300561,汇金科技
002732,燕塘乳业
688521,芯原股份
301048,金鹰重工
002186,全 聚 德
002653,海思科
001258,立新能源
002084,海鸥住工
301065,本立科技
002900,哈三联
300805,电声股份
300947,德必集团
603136,天目湖
001212,中旗新材
300756,金马游乐
688702,盛科通信-U
832419,路斯股份
603237,五芳斋
000759,中百集团
688290,景业智能
000820,神雾节能
002094,青岛金王
300700,岱勒新材
000670,盈方微
301518,长华化学
002946,新乳业
603693,江苏新能
001217,华尔泰
301589,诺瓦星云
301058,中粮科工
430047,诺思兰德
000610,西安旅游
002909,集泰股份
301287,康力源
000062,深圳华强
300792,壹网壹创
300464,星徽股份
600259,广晟有色
603199,九华旅游
603535,嘉诚国际
603188,亚邦股份
002471,中超控股
001316,润贝航科
300577,开润股份
301428,世纪恒通
600258,首旅酒店
000639,西王食品
301501,恒鑫生活
301585,蓝宇股份
605337,李子园
603336,宏辉果蔬
301116,益客食品
300592,华凯易佰
300797,钢研纳克
603800,洪田股份
000716,黑芝麻
300898,熊猫乳品
600193,创兴资源
000510,新金路
603900,莱绅通灵
002279,久其软件
605108,同庆楼
300997,欢乐家
301073,君亭酒店
603739,蔚蓝生物
605009,豪悦护理
300758,七彩化学
300994,久祺股份
688156,路德环境
430564,天润科技
002272,川润股份
600128,苏豪弘业
300651,金陵体育
001356,富岭股份
603967,中创物流
603819,神力股份
002715,登云股份
600391,航发科技
600292,远达环保
603103,横店影视
837023,芭薇股份
000721,西安饮食
600593,大连圣亚
300783,三只松鼠
300605,恒锋信息
603839,安正时尚
603836,海程邦达
600300,维维股份
600448,华纺股份
603777,来伊份
832023,田野股份
300729,乐歌股份
300616,尚品宅配
603214,爱婴室
603983,丸美生物
301108,洁雅股份
301383,天键股份
002713,东易日盛
301118,恒光股份
300379,东方通
873305,九菱科技
300892,品渥食品
603072,天和磁材
002640,跨境通
301052,果麦文化
300871,回盛生物
603338,浙江鼎力
301665,泰禾股份
000558,天府文旅
300200,高盟新材
603257,中国瑞林
002553,南方精工
300703,创源股份
300350,华鹏飞
300208,*ST中程
300472,新元科技
837403,康农种业
300005,探路者
831726,朱老六
002040,南 京 港
603630,拉芳家化
300927,江天化学
600697,欧亚集团
605138,盛泰集团
601008,连云港
002820,桂发祥
001228,永泰运
000785,居然智家
002719,麦趣尔
001234,泰慕士
002570,贝因美
600540,新赛股份
600249,两面针
603709,中源家居
000505,京粮控股
603128,华贸物流
300973,立高食品
300899,上海凯鑫
300155,安居宝
603120,C肯特
920106,林泰新材
300920,润阳科技
301232,飞沃科技
836826,盖世食品
301256,华融化学
301558,三态股份
300240,飞力达
839273,一致魔芋
872351,华光源海
836422,润普食品
839371,欧福蛋业
001335,C信凯
831087,秋乐种业
832786,骑士乳业
838262,太湖雪
300108,*ST吉药
833994,翰博高新
833874,泰祥股份
832317,观典防务
688555,退市泽达
688086,退市紫晶
603996,退市中新
603963,*ST大药
603603,退市博天
603555,ST贵人
603389,亚振家居
603202,天有为
603157,退市拉夏
603133,退市碳元
601558,退市锐电
601299,中国北车
601268,*ST二重
601258,*ST庞大
601028,玉龙股份
600991,广汽长丰
600978,*ST宜生
600899,*ST信联
600898,*ST美讯
600896,退市海医
600891,退市秋林
600890,退市中房
600878,*ST北科
600870,退市厦华
600856,退市中天
600852,*ST中川
600849,上药转换
600842,中西药业
600840,新湖创业
600837,海通证券
600836,*ST易连
600832,东方明珠
600823,*ST世茂
600813,ST鞍一工
600811,*ST东方
600806,退市昆机
600799,*ST龙科
600788,*ST达曼
600786,东方锅炉
600781,退市辅仁
600772,S*ST龙昌
600767,退市运盛
600766,退市园城
600762,S*ST金荔
600752,*ST哈慈
600747,退市大控
600723,首商股份
600709,ST生态
600705,中航产融
600701,退市工新
600700,*ST数码
600695,退市绿庭
600687,退市刚泰
600680,*ST上普
600677,*ST航通
600672,*ST华圣
600670,*ST斯达
600669,*ST鞍成
600659,*ST花雕
600656,退市博元
600652,退市游久
600647,退市同达
600646,ST国嘉
600634,退市富控
600632,华联商厦
600631,百联股份
600627,上电股份
600625,PT水仙
600614,退市鹏起
600607,上实医药
600591,*ST上航
600565,ST迪马
600555,退市海创
600553,太行水泥
600532,退市未来
600485,*ST信威
600472,包头铝业
600466,*ST蓝光
600432,退市吉恩
600401,退市海润
600393,ST粤泰
600385,退市金泰
600357,承德钒钛
600321,正源股份
600317,营口港
600311,*ST荣华
600306,退市商城
600303,ST曙光
600297,广汇汽车
600296,S兰铝
600291,退市西水
600290,*ST华仪
600286,S*ST国瓷
600277,ST亿利
600275,退市昌鱼
600270,外运发展
600263,路桥建设
600260,*ST凯乐
600253,天方药业
600247,*ST成城
600242,退市中昌
600240,退市华业
600225,退市卓朗
600220,ST阳光
600213,*ST亚星
600209,退市罗顿
600205,S山东铝
600181,S*ST云大
600175,退市美都
600146,退市环球
600145,退市新亿
600139,*ST西源
600122,*ST宏图
600112,*ST天成
600102,莱钢股份
600093,退市易见
600092,S*ST精密
600091,退市明科
600090,退市济堂
600087,退市长油
600086,退市金钰
600083,*ST博信
600077,*ST宋都
600074,退市保千
600070,*ST富润
600069,退市银鸽
600068,葛洲坝
600065,*ST联谊
600005,武钢股份
600003,ST东北高
600002,齐鲁石化
600001,邯郸钢铁
301636,泽润新能
301560,众捷汽车
301486,致尚科技
301323,新莱福
300956,英力股份
300799,左江退
300742,越博退
300630,*ST普利
300542,新晨科技
300526,中潜退
300495,*ST美尚
300431,暴风退
300423,昇辉科技
300392,腾信退
300372,欣泰退
300367,网力退
300362,天翔退
300356,光一退
300336,新文退
300330,计通退
300325,德威退
300312,邦讯退
300309,吉艾退
300297,蓝盾退
300282,三盛退
300280,紫天科技
300273,和佳退
300262,*ST巴安
300216,千山退
300202,聚龙退
300186,大华农
300178,腾邦退
300156,神雾退
300117,*ST嘉寓
300116,*ST保力
300104,乐视退
300090,盛运退
300089,文化退
300064,金刚退
300051,琏升科技
300038,数知退
300028,金亚退
300023,宝德退
002781,奇信退
002776,*ST柏龙
002770,科迪退
002751,易尚退
002740,*ST爱迪
002711,欧浦退
002699,*ST美盛
002684,猛狮退
002680,长生退
002665,ST航高
002621,*ST美吉
002619,*ST艾格
002618,丹邦退
002610,ST爱康
002604,龙力退
002509,天茂退
002505,鹏都农牧
002504,*ST弘高
002503,*ST搜特
002502,ST鼎龙
002499,科林退
002477,雏鹰退
002473,圣莱退
002464,众应退
002450,康得退
002447,晨鑫退
002435,ST长康
002433,太安退
002417,深南退
002411,必康退
002359,北讯退
002341,ST新纶
002325,*ST洪涛
002308,*ST威创
002288,*ST超华
002280,ST联络
002260,德奥退
002251,ST步步高
002220,天宝退
002147,新光退
002143,印纪退
002118,*ST紫鑫
002113,*ST天润
002089,新海退
002087,新纺退
002071,长城退
002070,众和退
002018,华信退
002013,中航机电
002002,ST鸿达
001400,江顺科技
000996,中期退
000982,中银绒业
000979,中弘退
000976,*ST华铁
000971,*ST高升
000961,ST中南
000956,中原油气
000939,凯迪退
000918,*ST嘉凯
000916,华北高速
000866,扬子石化
000861,海印股份
000836,ST富通
000835,长动退
000832,*ST龙涤
000827,*ST长兴
000817,辽河油田
000806,银河退
000805,*ST炎黄
000787,*ST创智
000780,ST平能
000769,*ST大菲
000765,*ST华信
000763,锦州石化
000760,斯太退
000748,长城信息
000732,ST泰禾
000730,*ST环保
000699,S*ST佳纸
000697,炼石航空
000693,华泽退
000689,ST宏业
000687,华讯退
000675,ST银山
000673,当代退
000671,ST阳光城
000667,ST美置
000666,经纬纺机
000662,天夏退
000660,*ST南华
000658,ST海洋
000653,ST九州
000621,*ST比特
000618,吉林化工
000616,*ST海投
000613,东海A退
000611,天首退
000606,顺利退
000602,金马集团
000594,国恒退
000588,PT粤金曼
000587,*ST金洲
000585,东电退
000583,S*ST托普
000578,盐湖集团
000569,长城股份
000562,宏源证券
000556,PT南洋
000549,S湘火炬
000542,TCL通讯
000540,*ST中天
000535,*ST猴王
000527,美的电器
000522,白云山A
000515,攀渝钛业
000511,烯碳退
000508,琼民源A
000502,绿景退
000418,小天鹅A
000416,*ST民控
000413,ST旭电
000412,ST五环
000406,石油大明
000405,ST鑫光
000150,*ST宜康
000047,ST中侨
000046,*ST泛海
000040,*ST旭蓝
000038,大通退
000033,新都退
000024,招商地产
000023,*ST深天
000018,神城A退
000015,PT中浩A
000013,*ST石化A
000005,ST星源
000003,PT金田A
